"Case Number","Case Type","CNR","Case Title","Filing Number","Filing Date","Registration Number","Registration Date","Main Case Number","Main CNR","Main Filing Number","First Hearing Date","Decision Date","Case Status","Nature of Disposal","Case Duration (Days)","Filing to First Hearing Duration (Days)","Court Name","Court Room & Judge","Court Complex","State","District","Petitioner","Petitioner Advocate","Respondent and Advocate","Acts","Hearing Index","Business Date","Hearing Date","Hearing Judge","Purpose of Hearing","Business Text","Next Purpose","Next Hearing Date (Hearing)","Order Number","Order Details","Judgment PDF URL","Order Operative Ruling","Order Procedural History","Order Judicial Findings","Order Annexed Proceedings","Process ID","Process Title","Process Date","Establishment Code","Complex Code","Scrape Timestamp"
"EX/4/2024","EX - Execution Petition Under Order","KABC010000302024","M/S S L N ENTERPRISES vs M/S SADGURU PHARMA AND MEDICALS","4/2024","02/01/2024","4/2024","02/01/2024","O.S./0005877/2021","KABC010234852021","7285","03/01/2024","13/07/2024","Case disposedSub Stage","Uncontested--SETTLED IN LOK ADALATH","193","1","PRL. CITY CIVIL AND SESSIONS JUDGE","1142-CCH59 LVIII ADDL. CITY CIVIL AND SESSIONS JUDGE","City Civil Court Complex, Bangalore","Karnataka","BENGALURU","M/S S L N ENTERPRISES","D V VENKATESH","M/S SADGURU PHARMA AND MEDICALS","U/O 21 RULE 11 OF CPC","1","13/07/2024","13/07/2024","CCH59 LVIII ADDL. CITY CIVIL AND SESSIONS JUDGE","Disposed","Matter settled in National Lok-Adalth.","","","1","Orders","file:///C:/Users/misha/OneDrive/Desktop/daksh/pilot_output/orders/EX_4_2024_order_1.pdf","[Order Dated: 13/07/2024] BEFORE NATIONAL LOK-ADALATH BEFORE LVIII Addl. City Civil & Sessions Judge, Bengaluru (CCH-59) Ex.P. 04/2024 Decree Holder : M/S S.L.N Enterprises Vs Judgment Debtor : M/S Sadguru Pharma and Medicals Case called out before Lok-Adalath. DHr, JDr and their respective counsels present. After deliberation matter is settled for total sum of Rs.2,47,000/- towards entire decree amount. In view of settlement both parties filed joint memo. In terms of joint memo, JDr has agreed to pay Rs.2,47,000/- on 22.08.2024. When contents of joint memo is read over to both the parties, they admit that they have agreed the terms voluntarily. The compromise is lawful and voluntary. Hence, joint memo is accepted. In case of default, DHr is having right to recover the agreed amount as per law. This E.P is closed in terms of joint memo. (Shashikala. K) (Krishnamurhty J.B) Advocate Conciliator Judicial Conciliator","Execution Petition taken up for hearing on execution warrant / steps.","BEFORE NATIONAL LOK-ADALATH BEFORE LVIII Addl. City Civil & Sessions Judge, Bengaluru (CCH-59) Ex.P. 04/2024 Decree Holder : M/S S.L.N Enterprises Vs Judgment Debtor : M/S Sadguru Pharma and Medicals Case called out before Lok-Adalath. DHr, JDr and their respective counsels present. After deliberation matter is settled for total sum of Rs.2,47,000/- towards entire decree amount. In view of settlement both parties filed joint memo. In terms of joint memo, JDr has agreed to pay Rs.2,47,000/- on 22.08.2024. When contents of joint memo is read over to both the parties, they admit that they have agreed the terms voluntarily. The compromise is lawful and voluntary. Hence, joint memo is accepted. In case of default, DHr is having right to recover the agreed amount as per law. This E.P is closed in terms of joint memo. (Shashikala. K) (Krishnamurhty J.B) Advocate Conciliator Judicial Conciliator","None","PKABC010000302024_1_1","Precept [Sec. 46]","03/01/2024","3","1030135","28/09/2026 16:28"
"EX/4/2024","EX - Execution Petition Under Order","KABC010000302024","M/S S L N ENTERPRISES vs M/S SADGURU PHARMA AND MEDICALS","4/2024","02/01/2024","4/2024","02/01/2024","O.S./0005877/2021","KABC010234852021","7285","03/01/2024","13/07/2024","Case disposedSub Stage","Uncontested--SETTLED IN LOK ADALATH","193","1","PRL. CITY CIVIL AND SESSIONS JUDGE","1142-CCH59 LVIII ADDL. CITY CIVIL AND SESSIONS JUDGE","City Civil Court Complex, Bangalore","Karnataka","BENGALURU","M/S S L N ENTERPRISES","D V VENKATESH","M/S SADGURU PHARMA AND MEDICALS","U/O 21 RULE 11 OF CPC","2","06/07/2024","13/07/2024","CCH59 LVIII ADDL. CITY CIVIL AND SESSIONS JUDGE","A.D.R.","Both counsels for the parties present and submit that matter may be referred to Lok-Adalth. Hence, matter is referred to Lok-Adalth to be held on 13.07.2024.","A.D.R.","13/07/2024","1","Orders","file:///C:/Users/misha/OneDrive/Desktop/daksh/pilot_output/orders/EX_4_2024_order_1.pdf","[Order Dated: 13/07/2024] BEFORE NATIONAL LOK-ADALATH BEFORE LVIII Addl. City Civil & Sessions Judge, Bengaluru (CCH-59) Ex.P. 04/2024 Decree Holder : M/S S.L.N Enterprises Vs Judgment Debtor : M/S Sadguru Pharma and Medicals Case called out before Lok-Adalath. DHr, JDr and their respective counsels present. After deliberation matter is settled for total sum of Rs.2,47,000/- towards entire decree amount. In view of settlement both parties filed joint memo. In terms of joint memo, JDr has agreed to pay Rs.2,47,000/- on 22.08.2024. When contents of joint memo is read over to both the parties, they admit that they have agreed the terms voluntarily. The compromise is lawful and voluntary. Hence, joint memo is accepted. In case of default, DHr is having right to recover the agreed amount as per law. This E.P is closed in terms of joint memo. (Shashikala. K) (Krishnamurhty J.B) Advocate Conciliator Judicial Conciliator","Execution Petition taken up for hearing on execution warrant / steps.","BEFORE NATIONAL LOK-ADALATH BEFORE LVIII Addl. City Civil & Sessions Judge, Bengaluru (CCH-59) Ex.P. 04/2024 Decree Holder : M/S S.L.N Enterprises Vs Judgment Debtor : M/S Sadguru Pharma and Medicals Case called out before Lok-Adalath. DHr, JDr and their respective counsels present. After deliberation matter is settled for total sum of Rs.2,47,000/- towards entire decree amount. In view of settlement both parties filed joint memo. In terms of joint memo, JDr has agreed to pay Rs.2,47,000/- on 22.08.2024. When contents of joint memo is read over to both the parties, they admit that they have agreed the terms voluntarily. The compromise is lawful and voluntary. Hence, joint memo is accepted. In case of default, DHr is having right to recover the agreed amount as per law. This E.P is closed in terms of joint memo. (Shashikala. K) (Krishnamurhty J.B) Advocate Conciliator Judicial Conciliator","None","PKABC010000302024_1_1","Precept [Sec. 46]","03/01/2024","3","1030135","28/09/2026 16:28"
"EX/4/2024","EX - Execution Petition Under Order","KABC010000302024","M/S S L N ENTERPRISES vs M/S SADGURU PHARMA AND MEDICALS","4/2024","02/01/2024","4/2024","02/01/2024","O.S./0005877/2021","KABC010234852021","7285","03/01/2024","13/07/2024","Case disposedSub Stage","Uncontested--SETTLED IN LOK ADALATH","193","1","PRL. CITY CIVIL AND SESSIONS JUDGE","1142-CCH59 LVIII ADDL. CITY CIVIL AND SESSIONS JUDGE","City Civil Court Complex, Bangalore","Karnataka","BENGALURU","M/S S L N ENTERPRISES","D V VENKATESH","M/S SADGURU PHARMA AND MEDICALS","U/O 21 RULE 11 OF CPC","3","01/06/2024","06/07/2024","CCH59 LVIII ADDL. CITY CIVIL AND SESSIONS JUDGE","A.D.R.","Both counsels for the parties present. Ld. Counsel for JDr present and prays time on the ground of settlement. Hence, for settlement or objections by 06.07.2024.","A.D.R.","06/07/2024","1","Orders","file:///C:/Users/misha/OneDrive/Desktop/daksh/pilot_output/orders/EX_4_2024_order_1.pdf","[Order Dated: 13/07/2024] BEFORE NATIONAL LOK-ADALATH BEFORE LVIII Addl. City Civil & Sessions Judge, Bengaluru (CCH-59) Ex.P. 04/2024 Decree Holder : M/S S.L.N Enterprises Vs Judgment Debtor : M/S Sadguru Pharma and Medicals Case called out before Lok-Adalath. DHr, JDr and their respective counsels present. After deliberation matter is settled for total sum of Rs.2,47,000/- towards entire decree amount. In view of settlement both parties filed joint memo. In terms of joint memo, JDr has agreed to pay Rs.2,47,000/- on 22.08.2024. When contents of joint memo is read over to both the parties, they admit that they have agreed the terms voluntarily. The compromise is lawful and voluntary. Hence, joint memo is accepted. In case of default, DHr is having right to recover the agreed amount as per law. This E.P is closed in terms of joint memo. (Shashikala. K) (Krishnamurhty J.B) Advocate Conciliator Judicial Conciliator","Execution Petition taken up for hearing on execution warrant / steps.","BEFORE NATIONAL LOK-ADALATH BEFORE LVIII Addl. City Civil & Sessions Judge, Bengaluru (CCH-59) Ex.P. 04/2024 Decree Holder : M/S S.L.N Enterprises Vs Judgment Debtor : M/S Sadguru Pharma and Medicals Case called out before Lok-Adalath. DHr, JDr and their respective counsels present. After deliberation matter is settled for total sum of Rs.2,47,000/- towards entire decree amount. In view of settlement both parties filed joint memo. In terms of joint memo, JDr has agreed to pay Rs.2,47,000/- on 22.08.2024. When contents of joint memo is read over to both the parties, they admit that they have agreed the terms voluntarily. The compromise is lawful and voluntary. Hence, joint memo is accepted. In case of default, DHr is having right to recover the agreed amount as per law. This E.P is closed in terms of joint memo. (Shashikala. K) (Krishnamurhty J.B) Advocate Conciliator Judicial Conciliator","None","PKABC010000302024_1_1","Precept [Sec. 46]","03/01/2024","3","1030135","28/09/2026 16:28"
"EX/4/2024","EX - Execution Petition Under Order","KABC010000302024","M/S S L N ENTERPRISES vs M/S SADGURU PHARMA AND MEDICALS","4/2024","02/01/2024","4/2024","02/01/2024","O.S./0005877/2021","KABC010234852021","7285","03/01/2024","13/07/2024","Case disposedSub Stage","Uncontested--SETTLED IN LOK ADALATH","193","1","PRL. CITY CIVIL AND SESSIONS JUDGE","1142-CCH59 LVIII ADDL. CITY CIVIL AND SESSIONS JUDGE","City Civil Court Complex, Bangalore","Karnataka","BENGALURU","M/S S L N ENTERPRISES","D V VENKATESH","M/S SADGURU PHARMA AND MEDICALS","U/O 21 RULE 11 OF CPC","4","06/04/2024","01/06/2024","CCH59 LVIII ADDL. CITY CIVIL AND SESSIONS JUDGE","OBJECTION","Learned counsel for JDR present. For objection by 01.06.2024.","OBJECTION","01/06/2024","1","Orders","file:///C:/Users/misha/OneDrive/Desktop/daksh/pilot_output/orders/EX_4_2024_order_1.pdf","[Order Dated: 13/07/2024] BEFORE NATIONAL LOK-ADALATH BEFORE LVIII Addl. City Civil & Sessions Judge, Bengaluru (CCH-59) Ex.P. 04/2024 Decree Holder : M/S S.L.N Enterprises Vs Judgment Debtor : M/S Sadguru Pharma and Medicals Case called out before Lok-Adalath. DHr, JDr and their respective counsels present. After deliberation matter is settled for total sum of Rs.2,47,000/- towards entire decree amount. In view of settlement both parties filed joint memo. In terms of joint memo, JDr has agreed to pay Rs.2,47,000/- on 22.08.2024. When contents of joint memo is read over to both the parties, they admit that they have agreed the terms voluntarily. The compromise is lawful and voluntary. Hence, joint memo is accepted. In case of default, DHr is having right to recover the agreed amount as per law. This E.P is closed in terms of joint memo. (Shashikala. K) (Krishnamurhty J.B) Advocate Conciliator Judicial Conciliator","Execution Petition taken up for hearing on execution warrant / steps.","BEFORE NATIONAL LOK-ADALATH BEFORE LVIII Addl. City Civil & Sessions Judge, Bengaluru (CCH-59) Ex.P. 04/2024 Decree Holder : M/S S.L.N Enterprises Vs Judgment Debtor : M/S Sadguru Pharma and Medicals Case called out before Lok-Adalath. DHr, JDr and their respective counsels present. After deliberation matter is settled for total sum of Rs.2,47,000/- towards entire decree amount. In view of settlement both parties filed joint memo. In terms of joint memo, JDr has agreed to pay Rs.2,47,000/- on 22.08.2024. When contents of joint memo is read over to both the parties, they admit that they have agreed the terms voluntarily. The compromise is lawful and voluntary. Hence, joint memo is accepted. In case of default, DHr is having right to recover the agreed amount as per law. This E.P is closed in terms of joint memo. (Shashikala. K) (Krishnamurhty J.B) Advocate Conciliator Judicial Conciliator","None","PKABC010000302024_1_1","Precept [Sec. 46]","03/01/2024","3","1030135","28/09/2026 16:28"
"EX/4/2024","EX - Execution Petition Under Order","KABC010000302024","M/S S L N ENTERPRISES vs M/S SADGURU PHARMA AND MEDICALS","4/2024","02/01/2024","4/2024","02/01/2024","O.S./0005877/2021","KABC010234852021","7285","03/01/2024","13/07/2024","Case disposedSub Stage","Uncontested--SETTLED IN LOK ADALATH","193","1","PRL. CITY CIVIL AND SESSIONS JUDGE","1142-CCH59 LVIII ADDL. CITY CIVIL AND SESSIONS JUDGE","City Civil Court Complex, Bangalore","Karnataka","BENGALURU","M/S S L N ENTERPRISES","D V VENKATESH","M/S SADGURU PHARMA AND MEDICALS","U/O 21 RULE 11 OF CPC","5","29/02/2024","06/04/2024","CCH59 LVIII ADDL. CITY CIVIL AND SESSIONS JUDGE","OBJECTION","Sri. GBA advocate filed vakalath for JDr and prays time. Copy furnished. For objections by 06.04.2024.","OBJECTION","06/04/2024","1","Orders","file:///C:/Users/misha/OneDrive/Desktop/daksh/pilot_output/orders/EX_4_2024_order_1.pdf","[Order Dated: 13/07/2024] BEFORE NATIONAL LOK-ADALATH BEFORE LVIII Addl. City Civil & Sessions Judge, Bengaluru (CCH-59) Ex.P. 04/2024 Decree Holder : M/S S.L.N Enterprises Vs Judgment Debtor : M/S Sadguru Pharma and Medicals Case called out before Lok-Adalath. DHr, JDr and their respective counsels present. After deliberation matter is settled for total sum of Rs.2,47,000/- towards entire decree amount. In view of settlement both parties filed joint memo. In terms of joint memo, JDr has agreed to pay Rs.2,47,000/- on 22.08.2024. When contents of joint memo is read over to both the parties, they admit that they have agreed the terms voluntarily. The compromise is lawful and voluntary. Hence, joint memo is accepted. In case of default, DHr is having right to recover the agreed amount as per law. This E.P is closed in terms of joint memo. (Shashikala. K) (Krishnamurhty J.B) Advocate Conciliator Judicial Conciliator","Execution Petition taken up for hearing on execution warrant / steps.","BEFORE NATIONAL LOK-ADALATH BEFORE LVIII Addl. City Civil & Sessions Judge, Bengaluru (CCH-59) Ex.P. 04/2024 Decree Holder : M/S S.L.N Enterprises Vs Judgment Debtor : M/S Sadguru Pharma and Medicals Case called out before Lok-Adalath. DHr, JDr and their respective counsels present. After deliberation matter is settled for total sum of Rs.2,47,000/- towards entire decree amount. In view of settlement both parties filed joint memo. In terms of joint memo, JDr has agreed to pay Rs.2,47,000/- on 22.08.2024. When contents of joint memo is read over to both the parties, they admit that they have agreed the terms voluntarily. The compromise is lawful and voluntary. Hence, joint memo is accepted. In case of default, DHr is having right to recover the agreed amount as per law. This E.P is closed in terms of joint memo. (Shashikala. K) (Krishnamurhty J.B) Advocate Conciliator Judicial Conciliator","None","PKABC010000302024_1_1","Precept [Sec. 46]","03/01/2024","3","1030135","28/09/2026 16:28"
"EX/4/2024","EX - Execution Petition Under Order","KABC010000302024","M/S S L N ENTERPRISES vs M/S SADGURU PHARMA AND MEDICALS","4/2024","02/01/2024","4/2024","02/01/2024","O.S./0005877/2021","KABC010234852021","7285","03/01/2024","13/07/2024","Case disposedSub Stage","Uncontested--SETTLED IN LOK ADALATH","193","1","PRL. CITY CIVIL AND SESSIONS JUDGE","1142-CCH59 LVIII ADDL. CITY CIVIL AND SESSIONS JUDGE","City Civil Court Complex, Bangalore","Karnataka","BENGALURU","M/S S L N ENTERPRISES","D V VENKATESH","M/S SADGURU PHARMA AND MEDICALS","U/O 21 RULE 11 OF CPC","6","03/01/2024","29/02/2024","CCH59 LVIII ADDL. CITY CIVIL AND SESSIONS JUDGE","NOTICE","Issue cause notice to Jdr, R/by 29.02.2024.","NOTICE","29/02/2024","1","Orders","file:///C:/Users/misha/OneDrive/Desktop/daksh/pilot_output/orders/EX_4_2024_order_1.pdf","[Order Dated: 13/07/2024] BEFORE NATIONAL LOK-ADALATH BEFORE LVIII Addl. City Civil & Sessions Judge, Bengaluru (CCH-59) Ex.P. 04/2024 Decree Holder : M/S S.L.N Enterprises Vs Judgment Debtor : M/S Sadguru Pharma and Medicals Case called out before Lok-Adalath. DHr, JDr and their respective counsels present. After deliberation matter is settled for total sum of Rs.2,47,000/- towards entire decree amount. In view of settlement both parties filed joint memo. In terms of joint memo, JDr has agreed to pay Rs.2,47,000/- on 22.08.2024. When contents of joint memo is read over to both the parties, they admit that they have agreed the terms voluntarily. The compromise is lawful and voluntary. Hence, joint memo is accepted. In case of default, DHr is having right to recover the agreed amount as per law. This E.P is closed in terms of joint memo. (Shashikala. K) (Krishnamurhty J.B) Advocate Conciliator Judicial Conciliator","Execution Petition taken up for hearing on execution warrant / steps.","BEFORE NATIONAL LOK-ADALATH BEFORE LVIII Addl. City Civil & Sessions Judge, Bengaluru (CCH-59) Ex.P. 04/2024 Decree Holder : M/S S.L.N Enterprises Vs Judgment Debtor : M/S Sadguru Pharma and Medicals Case called out before Lok-Adalath. DHr, JDr and their respective counsels present. After deliberation matter is settled for total sum of Rs.2,47,000/- towards entire decree amount. In view of settlement both parties filed joint memo. In terms of joint memo, JDr has agreed to pay Rs.2,47,000/- on 22.08.2024. When contents of joint memo is read over to both the parties, they admit that they have agreed the terms voluntarily. The compromise is lawful and voluntary. Hence, joint memo is accepted. In case of default, DHr is having right to recover the agreed amount as per law. This E.P is closed in terms of joint memo. (Shashikala. K) (Krishnamurhty J.B) Advocate Conciliator Judicial Conciliator","None","PKABC010000302024_1_1","Precept [Sec. 46]","03/01/2024","3","1030135","28/09/2026 16:28"
"EX/6/2024","EX - Execution Petition Under Order","KABC010000802024","VINODAMMA R K vs SUMITHRA DEVI M A","12/2024","02/01/2024","6/2024","02/01/2024","O.S./0004910/2019","KABC010214192019","7285","03/01/2024","18/11/2025","Case disposedSub Stage","Uncontested--DISMISSED","686","1","PRL. CITY CIVIL AND SESSIONS JUDGE","21-CCH32 XX ADDL. CITY CIVIL AND SESSIONS JUDGE","City Civil Court Complex, Bangalore","Karnataka","BENGALURU","VINODAMMA R K","SHIVARAMA A","SUMITHRA DEVI M A","U/O 21 RULE 11 OF CPC","1","18/11/2025","18/11/2025","CCH32 XX ADDL. CITY CIVIL AND SESSIONS JUDGE","Disposed","Ex 6/2024 Case called out. Counsel for D.Hr absent. No representation is made. Kept by Again Case called out at 5.17 p.m. Counsel for D.Hr absent. No representation is made. Even providing sufficient opportunities Counsel for D.Hr not come forward to take steps against the J.Dr . Hence, petition of the D.Hr is hereby dismissed for non prosecution.","","","1","Orders","file:///C:/Users/misha/OneDrive/Desktop/daksh/pilot_output/orders/EX_6_2024_order_1.pdf","[Order Dated: 18/11/2025] Ex 6/2024 Case called out. Counsel for D.Hr absent. No representation is made. Kept by Again Case called out at 5.17 p.m. Counsel for D.Hr absent. No representation is made. Even providing sufficient opportunities Counsel for D.Hr not come forward to take steps against the J.Dr . Hence, petition of the D.Hr is hereby dismissed for non prosecution. Nature of Disposal : DISMISSED Disposal Date : 18-11-2025","Execution Petition taken up for hearing on execution warrant / steps.","Ex 6/2024 Case called out. Counsel for D.Hr absent. No representation is made. Kept by Again Case called out at 5.17 p.m. Counsel for D.Hr absent. No representation is made. Even providing sufficient opportunities Counsel for D.Hr not come forward to take steps against the J.Dr . Hence, petition of the D.Hr is hereby dismissed for non prosecution. Nature of Disposal : DISMISSED Disposal Date : 18-11-2025","None","PKABC010000802024_2_1","Precept [Sec. 46]","18/07/2024","3","1030135","28/09/2026 16:28"
"EX/6/2024","EX - Execution Petition Under Order","KABC010000802024","VINODAMMA R K vs SUMITHRA DEVI M A","12/2024","02/01/2024","6/2024","02/01/2024","O.S./0004910/2019","KABC010214192019","7285","03/01/2024","18/11/2025","Case disposedSub Stage","Uncontested--DISMISSED","686","1","PRL. CITY CIVIL AND SESSIONS JUDGE","21-CCH32 XX ADDL. CITY CIVIL AND SESSIONS JUDGE","City Civil Court Complex, Bangalore","Karnataka","BENGALURU","VINODAMMA R K","SHIVARAMA A","SUMITHRA DEVI M A","U/O 21 RULE 11 OF CPC","2","22/09/2025","18/11/2025","CCH32 XX ADDL. CITY CIVIL AND SESSIONS JUDGE","NOTICE","Ex 6/2024 Case called out. Counsel for D.Hr absent. No representation is made. Call on for steps as last chance by 18.11.2025.","NOTICE","18/11/2025","1","Orders","file:///C:/Users/misha/OneDrive/Desktop/daksh/pilot_output/orders/EX_6_2024_order_1.pdf","[Order Dated: 18/11/2025] Ex 6/2024 Case called out. Counsel for D.Hr absent. No representation is made. Kept by Again Case called out at 5.17 p.m. Counsel for D.Hr absent. No representation is made. Even providing sufficient opportunities Counsel for D.Hr not come forward to take steps against the J.Dr . Hence, petition of the D.Hr is hereby dismissed for non prosecution. Nature of Disposal : DISMISSED Disposal Date : 18-11-2025","Execution Petition taken up for hearing on execution warrant / steps.","Ex 6/2024 Case called out. Counsel for D.Hr absent. No representation is made. Kept by Again Case called out at 5.17 p.m. Counsel for D.Hr absent. No representation is made. Even providing sufficient opportunities Counsel for D.Hr not come forward to take steps against the J.Dr . Hence, petition of the D.Hr is hereby dismissed for non prosecution. Nature of Disposal : DISMISSED Disposal Date : 18-11-2025","None","PKABC010000802024_2_1","Precept [Sec. 46]","18/07/2024","3","1030135","28/09/2026 16:28"
"EX/6/2024","EX - Execution Petition Under Order","KABC010000802024","VINODAMMA R K vs SUMITHRA DEVI M A","12/2024","02/01/2024","6/2024","02/01/2024","O.S./0004910/2019","KABC010214192019","7285","03/01/2024","18/11/2025","Case disposedSub Stage","Uncontested--DISMISSED","686","1","PRL. CITY CIVIL AND SESSIONS JUDGE","21-CCH32 XX ADDL. CITY CIVIL AND SESSIONS JUDGE","City Civil Court Complex, Bangalore","Karnataka","BENGALURU","VINODAMMA R K","SHIVARAMA A","SUMITHRA DEVI M A","U/O 21 RULE 11 OF CPC","3","03/06/2025","22/09/2025","CCH32 XX ADDL. CITY CIVIL AND SESSIONS JUDGE","NOTICE","Ex 6/2024 Case called out. Counsel for D.Hr absent. No representation is made. Call on for steps by 22.09.2025.","NOTICE","22/09/2025","1","Orders","file:///C:/Users/misha/OneDrive/Desktop/daksh/pilot_output/orders/EX_6_2024_order_1.pdf","[Order Dated: 18/11/2025] Ex 6/2024 Case called out. Counsel for D.Hr absent. No representation is made. Kept by Again Case called out at 5.17 p.m. Counsel for D.Hr absent. No representation is made. Even providing sufficient opportunities Counsel for D.Hr not come forward to take steps against the J.Dr . Hence, petition of the D.Hr is hereby dismissed for non prosecution. Nature of Disposal : DISMISSED Disposal Date : 18-11-2025","Execution Petition taken up for hearing on execution warrant / steps.","Ex 6/2024 Case called out. Counsel for D.Hr absent. No representation is made. Kept by Again Case called out at 5.17 p.m. Counsel for D.Hr absent. No representation is made. Even providing sufficient opportunities Counsel for D.Hr not come forward to take steps against the J.Dr . Hence, petition of the D.Hr is hereby dismissed for non prosecution. Nature of Disposal : DISMISSED Disposal Date : 18-11-2025","None","PKABC010000802024_2_1","Precept [Sec. 46]","18/07/2024","3","1030135","28/09/2026 16:28"
"EX/6/2024","EX - Execution Petition Under Order","KABC010000802024","VINODAMMA R K vs SUMITHRA DEVI M A","12/2024","02/01/2024","6/2024","02/01/2024","O.S./0004910/2019","KABC010214192019","7285","03/01/2024","18/11/2025","Case disposedSub Stage","Uncontested--DISMISSED","686","1","PRL. CITY CIVIL AND SESSIONS JUDGE","21-CCH32 XX ADDL. CITY CIVIL AND SESSIONS JUDGE","City Civil Court Complex, Bangalore","Karnataka","BENGALURU","VINODAMMA R K","SHIVARAMA A","SUMITHRA DEVI M A","U/O 21 RULE 11 OF CPC","4","21/01/2025","03/06/2025","CCH32 XX ADDL. CITY CIVIL AND SESSIONS JUDGE","NOTICE","Ex 6/2024 Case called out. D.Hr present. Counsel for D.Hr present. Reissue cause notice to J.Dr through court and RPAD, if Pf paid and RPAD postage are furnished by 03.06.2025.","NOTICE","03/06/2025","1","Orders","file:///C:/Users/misha/OneDrive/Desktop/daksh/pilot_output/orders/EX_6_2024_order_1.pdf","[Order Dated: 18/11/2025] Ex 6/2024 Case called out. Counsel for D.Hr absent. No representation is made. Kept by Again Case called out at 5.17 p.m. Counsel for D.Hr absent. No representation is made. Even providing sufficient opportunities Counsel for D.Hr not come forward to take steps against the J.Dr . Hence, petition of the D.Hr is hereby dismissed for non prosecution. Nature of Disposal : DISMISSED Disposal Date : 18-11-2025","Execution Petition taken up for hearing on execution warrant / steps.","Ex 6/2024 Case called out. Counsel for D.Hr absent. No representation is made. Kept by Again Case called out at 5.17 p.m. Counsel for D.Hr absent. No representation is made. Even providing sufficient opportunities Counsel for D.Hr not come forward to take steps against the J.Dr . Hence, petition of the D.Hr is hereby dismissed for non prosecution. Nature of Disposal : DISMISSED Disposal Date : 18-11-2025","None","PKABC010000802024_2_1","Precept [Sec. 46]","18/07/2024","3","1030135","28/09/2026 16:28"
"EX/6/2024","EX - Execution Petition Under Order","KABC010000802024","VINODAMMA R K vs SUMITHRA DEVI M A","12/2024","02/01/2024","6/2024","02/01/2024","O.S./0004910/2019","KABC010214192019","7285","03/01/2024","18/11/2025","Case disposedSub Stage","Uncontested--DISMISSED","686","1","PRL. CITY CIVIL AND SESSIONS JUDGE","21-CCH32 XX ADDL. CITY CIVIL AND SESSIONS JUDGE","City Civil Court Complex, Bangalore","Karnataka","BENGALURU","VINODAMMA R K","SHIVARAMA A","SUMITHRA DEVI M A","U/O 21 RULE 11 OF CPC","5","04/11/2024","21/01/2025","CCH32 XX ADDL. CITY CIVIL AND SESSIONS JUDGE","NOTICE","Case called out. Counsel for D.Hr present. DPF paid. Issue cause notice to J.Dr by 21.01.2025.","NOTICE","21/01/2025","1","Orders","file:///C:/Users/misha/OneDrive/Desktop/daksh/pilot_output/orders/EX_6_2024_order_1.pdf","[Order Dated: 18/11/2025] Ex 6/2024 Case called out. Counsel for D.Hr absent. No representation is made. Kept by Again Case called out at 5.17 p.m. Counsel for D.Hr absent. No representation is made. Even providing sufficient opportunities Counsel for D.Hr not come forward to take steps against the J.Dr . Hence, petition of the D.Hr is hereby dismissed for non prosecution. Nature of Disposal : DISMISSED Disposal Date : 18-11-2025","Execution Petition taken up for hearing on execution warrant / steps.","Ex 6/2024 Case called out. Counsel for D.Hr absent. No representation is made. Kept by Again Case called out at 5.17 p.m. Counsel for D.Hr absent. No representation is made. Even providing sufficient opportunities Counsel for D.Hr not come forward to take steps against the J.Dr . Hence, petition of the D.Hr is hereby dismissed for non prosecution. Nature of Disposal : DISMISSED Disposal Date : 18-11-2025","None","PKABC010000802024_2_1","Precept [Sec. 46]","18/07/2024","3","1030135","28/09/2026 16:28"
"EX/6/2024","EX - Execution Petition Under Order","KABC010000802024","VINODAMMA R K vs SUMITHRA DEVI M A","12/2024","02/01/2024","6/2024","02/01/2024","O.S./0004910/2019","KABC010214192019","7285","03/01/2024","18/11/2025","Case disposedSub Stage","Uncontested--DISMISSED","686","1","PRL. CITY CIVIL AND SESSIONS JUDGE","21-CCH32 XX ADDL. CITY CIVIL AND SESSIONS JUDGE","City Civil Court Complex, Bangalore","Karnataka","BENGALURU","VINODAMMA R K","SHIVARAMA A","SUMITHRA DEVI M A","U/O 21 RULE 11 OF CPC","6","18/07/2024","04/11/2024","CCH32 XX ADDL. CITY CIVIL AND SESSIONS JUDGE","NOTICE","Ex 6/2024 Case called out. Counsel for D.Hr absent. No representation is made. Call on for steps by 04.11.2024.","NOTICE","04/11/2024","1","Orders","file:///C:/Users/misha/OneDrive/Desktop/daksh/pilot_output/orders/EX_6_2024_order_1.pdf","[Order Dated: 18/11/2025] Ex 6/2024 Case called out. Counsel for D.Hr absent. No representation is made. Kept by Again Case called out at 5.17 p.m. Counsel for D.Hr absent. No representation is made. Even providing sufficient opportunities Counsel for D.Hr not come forward to take steps against the J.Dr . Hence, petition of the D.Hr is hereby dismissed for non prosecution. Nature of Disposal : DISMISSED Disposal Date : 18-11-2025","Execution Petition taken up for hearing on execution warrant / steps.","Ex 6/2024 Case called out. Counsel for D.Hr absent. No representation is made. Kept by Again Case called out at 5.17 p.m. Counsel for D.Hr absent. No representation is made. Even providing sufficient opportunities Counsel for D.Hr not come forward to take steps against the J.Dr . Hence, petition of the D.Hr is hereby dismissed for non prosecution. Nature of Disposal : DISMISSED Disposal Date : 18-11-2025","None","PKABC010000802024_2_1","Precept [Sec. 46]","18/07/2024","3","1030135","28/09/2026 16:28"
"EX/6/2024","EX - Execution Petition Under Order","KABC010000802024","VINODAMMA R K vs SUMITHRA DEVI M A","12/2024","02/01/2024","6/2024","02/01/2024","O.S./0004910/2019","KABC010214192019","7285","03/01/2024","18/11/2025","Case disposedSub Stage","Uncontested--DISMISSED","686","1","PRL. CITY CIVIL AND SESSIONS JUDGE","21-CCH32 XX ADDL. CITY CIVIL AND SESSIONS JUDGE","City Civil Court Complex, Bangalore","Karnataka","BENGALURU","VINODAMMA R K","SHIVARAMA A","SUMITHRA DEVI M A","U/O 21 RULE 11 OF CPC","7","25/03/2024","18/07/2024","CCH32 XX ADDL. CITY CIVIL AND SESSIONS JUDGE","NOTICE","Ex 6/2024 Case called out. Counsel for D.Hr absent. Call on for steps by 18.07.2024.","NOTICE","18/07/2024","1","Orders","file:///C:/Users/misha/OneDrive/Desktop/daksh/pilot_output/orders/EX_6_2024_order_1.pdf","[Order Dated: 18/11/2025] Ex 6/2024 Case called out. Counsel for D.Hr absent. No representation is made. Kept by Again Case called out at 5.17 p.m. Counsel for D.Hr absent. No representation is made. Even providing sufficient opportunities Counsel for D.Hr not come forward to take steps against the J.Dr . Hence, petition of the D.Hr is hereby dismissed for non prosecution. Nature of Disposal : DISMISSED Disposal Date : 18-11-2025","Execution Petition taken up for hearing on execution warrant / steps.","Ex 6/2024 Case called out. Counsel for D.Hr absent. No representation is made. Kept by Again Case called out at 5.17 p.m. Counsel for D.Hr absent. No representation is made. Even providing sufficient opportunities Counsel for D.Hr not come forward to take steps against the J.Dr . Hence, petition of the D.Hr is hereby dismissed for non prosecution. Nature of Disposal : DISMISSED Disposal Date : 18-11-2025","None","PKABC010000802024_2_1","Precept [Sec. 46]","18/07/2024","3","1030135","28/09/2026 16:28"
"EX/6/2024","EX - Execution Petition Under Order","KABC010000802024","VINODAMMA R K vs SUMITHRA DEVI M A","12/2024","02/01/2024","6/2024","02/01/2024","O.S./0004910/2019","KABC010214192019","7285","03/01/2024","18/11/2025","Case disposedSub Stage","Uncontested--DISMISSED","686","1","PRL. CITY CIVIL AND SESSIONS JUDGE","21-CCH32 XX ADDL. CITY CIVIL AND SESSIONS JUDGE","City Civil Court Complex, Bangalore","Karnataka","BENGALURU","VINODAMMA R K","SHIVARAMA A","SUMITHRA DEVI M A","U/O 21 RULE 11 OF CPC","8","03/01/2024","25/03/2024","CCH32 XX ADDL. CITY CIVIL AND SESSIONS JUDGE","NOTICE","Ex 6/2024 Case called out. Issue cause notice to the J.Dr by 25.03.2024.","NOTICE","25/03/2024","1","Orders","file:///C:/Users/misha/OneDrive/Desktop/daksh/pilot_output/orders/EX_6_2024_order_1.pdf","[Order Dated: 18/11/2025] Ex 6/2024 Case called out. Counsel for D.Hr absent. No representation is made. Kept by Again Case called out at 5.17 p.m. Counsel for D.Hr absent. No representation is made. Even providing sufficient opportunities Counsel for D.Hr not come forward to take steps against the J.Dr . Hence, petition of the D.Hr is hereby dismissed for non prosecution. Nature of Disposal : DISMISSED Disposal Date : 18-11-2025","Execution Petition taken up for hearing on execution warrant / steps.","Ex 6/2024 Case called out. Counsel for D.Hr absent. No representation is made. Kept by Again Case called out at 5.17 p.m. Counsel for D.Hr absent. No representation is made. Even providing sufficient opportunities Counsel for D.Hr not come forward to take steps against the J.Dr . Hence, petition of the D.Hr is hereby dismissed for non prosecution. Nature of Disposal : DISMISSED Disposal Date : 18-11-2025","None","PKABC010000802024_2_1","Precept [Sec. 46]","18/07/2024","3","1030135","28/09/2026 16:28"
"EX/7/2024","EX - Execution Petition Under Order","KABC010000862024","HANUMANTHARAYAPPA G B vs CHENNAIAH H G","13/2024","02/01/2024","7/2024","02/01/2024","O.S./0002564/2012","KABC010143972012","7285","03/01/2024","24/04/2025","Case disposed","Uncontested--DISPOSED OTHERWISE","478","1","PRL. CITY CIVIL AND SESSIONS JUDGE","12-CCH8 XI ADDL. CITY CIVIL AND SESSIONS JUDGE","City Civil Court Complex, Bangalore","Karnataka","BENGALURU","HANUMANTHARAYAPPA G B","SHASHIKUMAR G E","CHENNAIAH H G","U/O 21 RULE 11 OF CPC","1","24/04/2025","24/04/2025","CCH8 XI ADDL. CITY CIVIL AND SESSIONS JUDGE","Disposed","As per order dated 13-02-2025, Court Commissioner was appointed to execute Sale Deed on behalf of court. The office note states, Court Commissioner has received his fees and also received original Sale Deed from the court. Hence, the execution petition is closed with liberty to the DHR to reopen the case for taking other steps, if necessary.","","","1","Orders","file:///C:/Users/misha/OneDrive/Desktop/daksh/pilot_output/orders/EX_7_2024_order_1.pdf","[Order Dated: 24/04/2025] 24-04-2025 EX. C. 7/2024 As per order dated 13-02-2025, Court Commissioner was appointed to execute Sale Deed on behalf of court. The office note states, Court Commissioner has received his fees and also received original Sale Deed from the court. Hence, the execution petition is closed with liberty to the DHR to reopen the case for taking other steps, if necessary. (24-04-2025) XI Addl. C. C.& S. Judge, Bengaluru, (CCH-8).","Execution Petition taken up for hearing on execution warrant / steps.","24-04-2025 EX. C. 7/2024 As per order dated 13-02-2025, Court Commissioner was appointed to execute Sale Deed on behalf of court. The office note states, Court Commissioner has received his fees and also received original Sale Deed from the court. Hence, the execution petition is closed with liberty to the DHR to reopen the case for taking other steps, if necessary. (24-04-2025) XI Addl. C. C.& S. Judge, Bengaluru, (CCH-8).","None","PKABC010000862024_1_1","Precept [Sec. 46]","03/01/2024","3","1030135","28/09/2026 16:28"
"EX/7/2024","EX - Execution Petition Under Order","KABC010000862024","HANUMANTHARAYAPPA G B vs CHENNAIAH H G","13/2024","02/01/2024","7/2024","02/01/2024","O.S./0002564/2012","KABC010143972012","7285","03/01/2024","24/04/2025","Case disposed","Uncontested--DISPOSED OTHERWISE","478","1","PRL. CITY CIVIL AND SESSIONS JUDGE","12-CCH8 XI ADDL. CITY CIVIL AND SESSIONS JUDGE","City Civil Court Complex, Bangalore","Karnataka","BENGALURU","HANUMANTHARAYAPPA G B","SHASHIKUMAR G E","CHENNAIAH H G","U/O 21 RULE 11 OF CPC","2","13/02/2025","24/04/2025","CCH8 XI ADDL. CITY CIVIL AND SESSIONS JUDGE","HEARING","As per office note, Draft Sale Deed found correct. Hence, warrant to the Court Commissioner to execute the Sale Deed on behalf of court. Await report by 24-04-2025.","HEARING","24/04/2025","1","Orders","file:///C:/Users/misha/OneDrive/Desktop/daksh/pilot_output/orders/EX_7_2024_order_1.pdf","[Order Dated: 24/04/2025] 24-04-2025 EX. C. 7/2024 As per order dated 13-02-2025, Court Commissioner was appointed to execute Sale Deed on behalf of court. The office note states, Court Commissioner has received his fees and also received original Sale Deed from the court. Hence, the execution petition is closed with liberty to the DHR to reopen the case for taking other steps, if necessary. (24-04-2025) XI Addl. C. C.& S. Judge, Bengaluru, (CCH-8).","Execution Petition taken up for hearing on execution warrant / steps.","24-04-2025 EX. C. 7/2024 As per order dated 13-02-2025, Court Commissioner was appointed to execute Sale Deed on behalf of court. The office note states, Court Commissioner has received his fees and also received original Sale Deed from the court. Hence, the execution petition is closed with liberty to the DHR to reopen the case for taking other steps, if necessary. (24-04-2025) XI Addl. C. C.& S. Judge, Bengaluru, (CCH-8).","None","PKABC010000862024_1_1","Precept [Sec. 46]","03/01/2024","3","1030135","28/09/2026 16:28"
"EX/7/2024","EX - Execution Petition Under Order","KABC010000862024","HANUMANTHARAYAPPA G B vs CHENNAIAH H G","13/2024","02/01/2024","7/2024","02/01/2024","O.S./0002564/2012","KABC010143972012","7285","03/01/2024","24/04/2025","Case disposed","Uncontested--DISPOSED OTHERWISE","478","1","PRL. CITY CIVIL AND SESSIONS JUDGE","12-CCH8 XI ADDL. CITY CIVIL AND SESSIONS JUDGE","City Civil Court Complex, Bangalore","Karnataka","BENGALURU","HANUMANTHARAYAPPA G B","SHASHIKUMAR G E","CHENNAIAH H G","U/O 21 RULE 11 OF CPC","3","03/12/2024","13/02/2025","CCH8 XI ADDL. CITY CIVIL AND SESSIONS JUDGE","HEARING","DHR filed memo along with Draft Sale Deed. Office to check and put up by 13-02-2025.","HEARING","13/02/2025","1","Orders","file:///C:/Users/misha/OneDrive/Desktop/daksh/pilot_output/orders/EX_7_2024_order_1.pdf","[Order Dated: 24/04/2025] 24-04-2025 EX. C. 7/2024 As per order dated 13-02-2025, Court Commissioner was appointed to execute Sale Deed on behalf of court. The office note states, Court Commissioner has received his fees and also received original Sale Deed from the court. Hence, the execution petition is closed with liberty to the DHR to reopen the case for taking other steps, if necessary. (24-04-2025) XI Addl. C. C.& S. Judge, Bengaluru, (CCH-8).","Execution Petition taken up for hearing on execution warrant / steps.","24-04-2025 EX. C. 7/2024 As per order dated 13-02-2025, Court Commissioner was appointed to execute Sale Deed on behalf of court. The office note states, Court Commissioner has received his fees and also received original Sale Deed from the court. Hence, the execution petition is closed with liberty to the DHR to reopen the case for taking other steps, if necessary. (24-04-2025) XI Addl. C. C.& S. Judge, Bengaluru, (CCH-8).","None","PKABC010000862024_1_1","Precept [Sec. 46]","03/01/2024","3","1030135","28/09/2026 16:28"
"EX/7/2024","EX - Execution Petition Under Order","KABC010000862024","HANUMANTHARAYAPPA G B vs CHENNAIAH H G","13/2024","02/01/2024","7/2024","02/01/2024","O.S./0002564/2012","KABC010143972012","7285","03/01/2024","24/04/2025","Case disposed","Uncontested--DISPOSED OTHERWISE","478","1","PRL. CITY CIVIL AND SESSIONS JUDGE","12-CCH8 XI ADDL. CITY CIVIL AND SESSIONS JUDGE","City Civil Court Complex, Bangalore","Karnataka","BENGALURU","HANUMANTHARAYAPPA G B","SHASHIKUMAR G E","CHENNAIAH H G","U/O 21 RULE 11 OF CPC","4","08/11/2024","03/12/2024","CCH8 XI ADDL. CITY CIVIL AND SESSIONS JUDGE","HEARING","P.O. is on leave. Call on 03-12-2024.","HEARING","03/12/2024","1","Orders","file:///C:/Users/misha/OneDrive/Desktop/daksh/pilot_output/orders/EX_7_2024_order_1.pdf","[Order Dated: 24/04/2025] 24-04-2025 EX. C. 7/2024 As per order dated 13-02-2025, Court Commissioner was appointed to execute Sale Deed on behalf of court. The office note states, Court Commissioner has received his fees and also received original Sale Deed from the court. Hence, the execution petition is closed with liberty to the DHR to reopen the case for taking other steps, if necessary. (24-04-2025) XI Addl. C. C.& S. Judge, Bengaluru, (CCH-8).","Execution Petition taken up for hearing on execution warrant / steps.","24-04-2025 EX. C. 7/2024 As per order dated 13-02-2025, Court Commissioner was appointed to execute Sale Deed on behalf of court. The office note states, Court Commissioner has received his fees and also received original Sale Deed from the court. Hence, the execution petition is closed with liberty to the DHR to reopen the case for taking other steps, if necessary. (24-04-2025) XI Addl. C. C.& S. Judge, Bengaluru, (CCH-8).","None","PKABC010000862024_1_1","Precept [Sec. 46]","03/01/2024","3","1030135","28/09/2026 16:28"
"EX/7/2024","EX - Execution Petition Under Order","KABC010000862024","HANUMANTHARAYAPPA G B vs CHENNAIAH H G","13/2024","02/01/2024","7/2024","02/01/2024","O.S./0002564/2012","KABC010143972012","7285","03/01/2024","24/04/2025","Case disposed","Uncontested--DISPOSED OTHERWISE","478","1","PRL. CITY CIVIL AND SESSIONS JUDGE","12-CCH8 XI ADDL. CITY CIVIL AND SESSIONS JUDGE","City Civil Court Complex, Bangalore","Karnataka","BENGALURU","HANUMANTHARAYAPPA G B","SHASHIKUMAR G E","CHENNAIAH H G","U/O 21 RULE 11 OF CPC","5","11/09/2024","08/11/2024","CCH8 XI ADDL. CITY CIVIL AND SESSIONS JUDGE","HEARING","DHR filed I.A. No. 2 under Order 26 Rule 9 of CPC for appointing Court Commissioner to execute the Sale Deed. Heard. For the reasons stated, I.A. No. 2 is allowed, subject to furnishing of Draft Sale Deed. To furnish Draft Sale Deed by 08-11-2024.","HEARING","08/11/2024","1","Orders","file:///C:/Users/misha/OneDrive/Desktop/daksh/pilot_output/orders/EX_7_2024_order_1.pdf","[Order Dated: 24/04/2025] 24-04-2025 EX. C. 7/2024 As per order dated 13-02-2025, Court Commissioner was appointed to execute Sale Deed on behalf of court. The office note states, Court Commissioner has received his fees and also received original Sale Deed from the court. Hence, the execution petition is closed with liberty to the DHR to reopen the case for taking other steps, if necessary. (24-04-2025) XI Addl. C. C.& S. Judge, Bengaluru, (CCH-8).","Execution Petition taken up for hearing on execution warrant / steps.","24-04-2025 EX. C. 7/2024 As per order dated 13-02-2025, Court Commissioner was appointed to execute Sale Deed on behalf of court. The office note states, Court Commissioner has received his fees and also received original Sale Deed from the court. Hence, the execution petition is closed with liberty to the DHR to reopen the case for taking other steps, if necessary. (24-04-2025) XI Addl. C. C.& S. Judge, Bengaluru, (CCH-8).","None","PKABC010000862024_1_1","Precept [Sec. 46]","03/01/2024","3","1030135","28/09/2026 16:28"
"EX/7/2024","EX - Execution Petition Under Order","KABC010000862024","HANUMANTHARAYAPPA G B vs CHENNAIAH H G","13/2024","02/01/2024","7/2024","02/01/2024","O.S./0002564/2012","KABC010143972012","7285","03/01/2024","24/04/2025","Case disposed","Uncontested--DISPOSED OTHERWISE","478","1","PRL. CITY CIVIL AND SESSIONS JUDGE","12-CCH8 XI ADDL. CITY CIVIL AND SESSIONS JUDGE","City Civil Court Complex, Bangalore","Karnataka","BENGALURU","HANUMANTHARAYAPPA G B","SHASHIKUMAR G E","CHENNAIAH H G","U/O 21 RULE 11 OF CPC","6","06/07/2024","11/09/2024","CCH8 XI ADDL. CITY CIVIL AND SESSIONS JUDGE","NOTICE","DHR filed memo with paper publication. JDRs called out absent. For further steps by 11.09.2024.","NOTICE","11/09/2024","1","Orders","file:///C:/Users/misha/OneDrive/Desktop/daksh/pilot_output/orders/EX_7_2024_order_1.pdf","[Order Dated: 24/04/2025] 24-04-2025 EX. C. 7/2024 As per order dated 13-02-2025, Court Commissioner was appointed to execute Sale Deed on behalf of court. The office note states, Court Commissioner has received his fees and also received original Sale Deed from the court. Hence, the execution petition is closed with liberty to the DHR to reopen the case for taking other steps, if necessary. (24-04-2025) XI Addl. C. C.& S. Judge, Bengaluru, (CCH-8).","Execution Petition taken up for hearing on execution warrant / steps.","24-04-2025 EX. C. 7/2024 As per order dated 13-02-2025, Court Commissioner was appointed to execute Sale Deed on behalf of court. The office note states, Court Commissioner has received his fees and also received original Sale Deed from the court. Hence, the execution petition is closed with liberty to the DHR to reopen the case for taking other steps, if necessary. (24-04-2025) XI Addl. C. C.& S. Judge, Bengaluru, (CCH-8).","None","PKABC010000862024_1_1","Precept [Sec. 46]","03/01/2024","3","1030135","28/09/2026 16:28"
"EX/7/2024","EX - Execution Petition Under Order","KABC010000862024","HANUMANTHARAYAPPA G B vs CHENNAIAH H G","13/2024","02/01/2024","7/2024","02/01/2024","O.S./0002564/2012","KABC010143972012","7285","03/01/2024","24/04/2025","Case disposed","Uncontested--DISPOSED OTHERWISE","478","1","PRL. CITY CIVIL AND SESSIONS JUDGE","12-CCH8 XI ADDL. CITY CIVIL AND SESSIONS JUDGE","City Civil Court Complex, Bangalore","Karnataka","BENGALURU","HANUMANTHARAYAPPA G B","SHASHIKUMAR G E","CHENNAIAH H G","U/O 21 RULE 11 OF CPC","7","06/04/2024","06/07/2024","CCH8 XI ADDL. CITY CIVIL AND SESSIONS JUDGE","NOTICE","Advocate for DHr files I.A. No. 1 under Order 5 Rule 20(1-A) of CPC to issue cause notice to JDr by way of paper publication in Kannada Prabha Kannada Daily. Draft publication is furnished. Heard, I.A. No. 1 is allowed. DHr is permitted to take cause notice to JDr by way of paper publication as prayed for, after approval of draft, r/by 06-07-2024.","NOTICE","06/07/2024","1","Orders","file:///C:/Users/misha/OneDrive/Desktop/daksh/pilot_output/orders/EX_7_2024_order_1.pdf","[Order Dated: 24/04/2025] 24-04-2025 EX. C. 7/2024 As per order dated 13-02-2025, Court Commissioner was appointed to execute Sale Deed on behalf of court. The office note states, Court Commissioner has received his fees and also received original Sale Deed from the court. Hence, the execution petition is closed with liberty to the DHR to reopen the case for taking other steps, if necessary. (24-04-2025) XI Addl. C. C.& S. Judge, Bengaluru, (CCH-8).","Execution Petition taken up for hearing on execution warrant / steps.","24-04-2025 EX. C. 7/2024 As per order dated 13-02-2025, Court Commissioner was appointed to execute Sale Deed on behalf of court. The office note states, Court Commissioner has received his fees and also received original Sale Deed from the court. Hence, the execution petition is closed with liberty to the DHR to reopen the case for taking other steps, if necessary. (24-04-2025) XI Addl. C. C.& S. Judge, Bengaluru, (CCH-8).","None","PKABC010000862024_1_1","Precept [Sec. 46]","03/01/2024","3","1030135","28/09/2026 16:28"
"EX/7/2024","EX - Execution Petition Under Order","KABC010000862024","HANUMANTHARAYAPPA G B vs CHENNAIAH H G","13/2024","02/01/2024","7/2024","02/01/2024","O.S./0002564/2012","KABC010143972012","7285","03/01/2024","24/04/2025","Case disposed","Uncontested--DISPOSED OTHERWISE","478","1","PRL. CITY CIVIL AND SESSIONS JUDGE","12-CCH8 XI ADDL. CITY CIVIL AND SESSIONS JUDGE","City Civil Court Complex, Bangalore","Karnataka","BENGALURU","HANUMANTHARAYAPPA G B","SHASHIKUMAR G E","CHENNAIAH H G","U/O 21 RULE 11 OF CPC","8","03/01/2024","06/04/2024","CCH8 XI ADDL. CITY CIVIL AND SESSIONS JUDGE","NOTICE","None are present. Issue cause notice to JDr, r/by 06-04-2024.","NOTICE","06/04/2024","1","Orders","file:///C:/Users/misha/OneDrive/Desktop/daksh/pilot_output/orders/EX_7_2024_order_1.pdf","[Order Dated: 24/04/2025] 24-04-2025 EX. C. 7/2024 As per order dated 13-02-2025, Court Commissioner was appointed to execute Sale Deed on behalf of court. The office note states, Court Commissioner has received his fees and also received original Sale Deed from the court. Hence, the execution petition is closed with liberty to the DHR to reopen the case for taking other steps, if necessary. (24-04-2025) XI Addl. C. C.& S. Judge, Bengaluru, (CCH-8).","Execution Petition taken up for hearing on execution warrant / steps.","24-04-2025 EX. C. 7/2024 As per order dated 13-02-2025, Court Commissioner was appointed to execute Sale Deed on behalf of court. The office note states, Court Commissioner has received his fees and also received original Sale Deed from the court. Hence, the execution petition is closed with liberty to the DHR to reopen the case for taking other steps, if necessary. (24-04-2025) XI Addl. C. C.& S. Judge, Bengaluru, (CCH-8).","None","PKABC010000862024_1_1","Precept [Sec. 46]","03/01/2024","3","1030135","28/09/2026 16:28"
"EX/8/2024","EX - Execution Petition Under Order","KABC010001352024","SACHIN vs SANTHOSH KUMAR G","25/2024","02/01/2024","8/2024","03/01/2024","","","","03/01/2024","12/08/2025","Case disposedSub Stage","Uncontested--DECREE SATISFIED","588","1","PRL. CITY CIVIL AND SESSIONS JUDGE","10-CCH2 I ADDL. CITY CIVIL AND SESSIONS JUDGE","City Civil Court Complex, Bangalore","Karnataka","BENGALURU","SACHIN","VENKATESH S","SANTHOSH KUMAR G","U/O 21 RULE 11 OF CPC","1","12/08/2025","12/08/2025","CCH2 I ADDL. CITY CIVIL AND SESSIONS JUDGE","Disposed","Case called. Advocate for DHR filed a memo along with order of Hon&#039;ble High Court of Karnataka and prayed to close the EP stating that, matter is settled. In view of memo and submission, EP is closed as fully satisfied.","","","1","Orders","file:///C:/Users/misha/OneDrive/Desktop/daksh/pilot_output/orders/EX_8_2024_order_1.pdf","[Order Dated: 12/08/2025] EX No.8-2024 Case called. Advocate for DHR filed a memo along with order of Hon'ble High Court of Karnataka and prayed to close the EP stating that, matter is settled. In view of memo and submission, EP is closed as fully satisfied. 1 st A.C.C.J.,(CCH-2) Bengaluru","Execution Petition taken up for hearing on execution warrant / steps.","EX No.8-2024 Case called. Advocate for DHR filed a memo along with order of Hon'ble High Court of Karnataka and prayed to close the EP stating that, matter is settled. In view of memo and submission, EP is closed as fully satisfied. 1 st A.C.C.J.,(CCH-2) Bengaluru","None","PKABC010001352024_1_1","Precept [Sec. 46]","03/01/2024","3","1030135","28/09/2026 16:29"
"EX/8/2024","EX - Execution Petition Under Order","KABC010001352024","SACHIN vs SANTHOSH KUMAR G","25/2024","02/01/2024","8/2024","03/01/2024","","","","03/01/2024","12/08/2025","Case disposedSub Stage","Uncontested--DECREE SATISFIED","588","1","PRL. CITY CIVIL AND SESSIONS JUDGE","10-CCH2 I ADDL. CITY CIVIL AND SESSIONS JUDGE","City Civil Court Complex, Bangalore","Karnataka","BENGALURU","SACHIN","VENKATESH S","SANTHOSH KUMAR G","U/O 21 RULE 11 OF CPC","2","01/07/2025","12/08/2025","CCH2 I ADDL. CITY CIVIL AND SESSIONS JUDGE","SUMMONS","P.O. is on training. Call on","SUMMONS","12/08/2025","1","Orders","file:///C:/Users/misha/OneDrive/Desktop/daksh/pilot_output/orders/EX_8_2024_order_1.pdf","[Order Dated: 12/08/2025] EX No.8-2024 Case called. Advocate for DHR filed a memo along with order of Hon'ble High Court of Karnataka and prayed to close the EP stating that, matter is settled. In view of memo and submission, EP is closed as fully satisfied. 1 st A.C.C.J.,(CCH-2) Bengaluru","Execution Petition taken up for hearing on execution warrant / steps.","EX No.8-2024 Case called. Advocate for DHR filed a memo along with order of Hon'ble High Court of Karnataka and prayed to close the EP stating that, matter is settled. In view of memo and submission, EP is closed as fully satisfied. 1 st A.C.C.J.,(CCH-2) Bengaluru","None","PKABC010001352024_1_1","Precept [Sec. 46]","03/01/2024","3","1030135","28/09/2026 16:29"
"EX/8/2024","EX - Execution Petition Under Order","KABC010001352024","SACHIN vs SANTHOSH KUMAR G","25/2024","02/01/2024","8/2024","03/01/2024","","","","03/01/2024","12/08/2025","Case disposedSub Stage","Uncontested--DECREE SATISFIED","588","1","PRL. CITY CIVIL AND SESSIONS JUDGE","10-CCH2 I ADDL. CITY CIVIL AND SESSIONS JUDGE","City Civil Court Complex, Bangalore","Karnataka","BENGALURU","SACHIN","VENKATESH S","SANTHOSH KUMAR G","U/O 21 RULE 11 OF CPC","3","15/04/2025","01/07/2025","CCH2 I ADDL. CITY CIVIL AND SESSIONS JUDGE","SUMMONS","Case called. No representation. Await orders. Call on 01.07.2025.","SUMMONS","01/07/2025","1","Orders","file:///C:/Users/misha/OneDrive/Desktop/daksh/pilot_output/orders/EX_8_2024_order_1.pdf","[Order Dated: 12/08/2025] EX No.8-2024 Case called. Advocate for DHR filed a memo along with order of Hon'ble High Court of Karnataka and prayed to close the EP stating that, matter is settled. In view of memo and submission, EP is closed as fully satisfied. 1 st A.C.C.J.,(CCH-2) Bengaluru","Execution Petition taken up for hearing on execution warrant / steps.","EX No.8-2024 Case called. Advocate for DHR filed a memo along with order of Hon'ble High Court of Karnataka and prayed to close the EP stating that, matter is settled. In view of memo and submission, EP is closed as fully satisfied. 1 st A.C.C.J.,(CCH-2) Bengaluru","None","PKABC010001352024_1_1","Precept [Sec. 46]","03/01/2024","3","1030135","28/09/2026 16:29"
"EX/8/2024","EX - Execution Petition Under Order","KABC010001352024","SACHIN vs SANTHOSH KUMAR G","25/2024","02/01/2024","8/2024","03/01/2024","","","","03/01/2024","12/08/2025","Case disposedSub Stage","Uncontested--DECREE SATISFIED","588","1","PRL. CITY CIVIL AND SESSIONS JUDGE","10-CCH2 I ADDL. CITY CIVIL AND SESSIONS JUDGE","City Civil Court Complex, Bangalore","Karnataka","BENGALURU","SACHIN","VENKATESH S","SANTHOSH KUMAR G","U/O 21 RULE 11 OF CPC","4","07/02/2025","15/04/2025","CCH2 I ADDL. CITY CIVIL AND SESSIONS JUDGE","SUMMONS","Case called. No representation. Await further orders. Call on 15.04.2025.","SUMMONS","15/04/2025","1","Orders","file:///C:/Users/misha/OneDrive/Desktop/daksh/pilot_output/orders/EX_8_2024_order_1.pdf","[Order Dated: 12/08/2025] EX No.8-2024 Case called. Advocate for DHR filed a memo along with order of Hon'ble High Court of Karnataka and prayed to close the EP stating that, matter is settled. In view of memo and submission, EP is closed as fully satisfied. 1 st A.C.C.J.,(CCH-2) Bengaluru","Execution Petition taken up for hearing on execution warrant / steps.","EX No.8-2024 Case called. Advocate for DHR filed a memo along with order of Hon'ble High Court of Karnataka and prayed to close the EP stating that, matter is settled. In view of memo and submission, EP is closed as fully satisfied. 1 st A.C.C.J.,(CCH-2) Bengaluru","None","PKABC010001352024_1_1","Precept [Sec. 46]","03/01/2024","3","1030135","28/09/2026 16:29"
"EX/8/2024","EX - Execution Petition Under Order","KABC010001352024","SACHIN vs SANTHOSH KUMAR G","25/2024","02/01/2024","8/2024","03/01/2024","","","","03/01/2024","12/08/2025","Case disposedSub Stage","Uncontested--DECREE SATISFIED","588","1","PRL. CITY CIVIL AND SESSIONS JUDGE","10-CCH2 I ADDL. CITY CIVIL AND SESSIONS JUDGE","City Civil Court Complex, Bangalore","Karnataka","BENGALURU","SACHIN","VENKATESH S","SANTHOSH KUMAR G","U/O 21 RULE 11 OF CPC","5","25/11/2024","07/02/2025","CCH2 I ADDL. CITY CIVIL AND SESSIONS JUDGE","SUMMONS","Case called. Await orders. Call on 07.02.2025.","SUMMONS","07/02/2025","1","Orders","file:///C:/Users/misha/OneDrive/Desktop/daksh/pilot_output/orders/EX_8_2024_order_1.pdf","[Order Dated: 12/08/2025] EX No.8-2024 Case called. Advocate for DHR filed a memo along with order of Hon'ble High Court of Karnataka and prayed to close the EP stating that, matter is settled. In view of memo and submission, EP is closed as fully satisfied. 1 st A.C.C.J.,(CCH-2) Bengaluru","Execution Petition taken up for hearing on execution warrant / steps.","EX No.8-2024 Case called. Advocate for DHR filed a memo along with order of Hon'ble High Court of Karnataka and prayed to close the EP stating that, matter is settled. In view of memo and submission, EP is closed as fully satisfied. 1 st A.C.C.J.,(CCH-2) Bengaluru","None","PKABC010001352024_1_1","Precept [Sec. 46]","03/01/2024","3","1030135","28/09/2026 16:29"
"EX/8/2024","EX - Execution Petition Under Order","KABC010001352024","SACHIN vs SANTHOSH KUMAR G","25/2024","02/01/2024","8/2024","03/01/2024","","","","03/01/2024","12/08/2025","Case disposedSub Stage","Uncontested--DECREE SATISFIED","588","1","PRL. CITY CIVIL AND SESSIONS JUDGE","10-CCH2 I ADDL. CITY CIVIL AND SESSIONS JUDGE","City Civil Court Complex, Bangalore","Karnataka","BENGALURU","SACHIN","VENKATESH S","SANTHOSH KUMAR G","U/O 21 RULE 11 OF CPC","6","27/09/2024","25/11/2024","CCH2 I ADDL. CITY CIVIL AND SESSIONS JUDGE","SUMMONS","Case called. DHR absent, No representation. Await further orders. Call on 25.11.2024.","SUMMONS","25/11/2024","1","Orders","file:///C:/Users/misha/OneDrive/Desktop/daksh/pilot_output/orders/EX_8_2024_order_1.pdf","[Order Dated: 12/08/2025] EX No.8-2024 Case called. Advocate for DHR filed a memo along with order of Hon'ble High Court of Karnataka and prayed to close the EP stating that, matter is settled. In view of memo and submission, EP is closed as fully satisfied. 1 st A.C.C.J.,(CCH-2) Bengaluru","Execution Petition taken up for hearing on execution warrant / steps.","EX No.8-2024 Case called. Advocate for DHR filed a memo along with order of Hon'ble High Court of Karnataka and prayed to close the EP stating that, matter is settled. In view of memo and submission, EP is closed as fully satisfied. 1 st A.C.C.J.,(CCH-2) Bengaluru","None","PKABC010001352024_1_1","Precept [Sec. 46]","03/01/2024","3","1030135","28/09/2026 16:29"
"EX/8/2024","EX - Execution Petition Under Order","KABC010001352024","SACHIN vs SANTHOSH KUMAR G","25/2024","02/01/2024","8/2024","03/01/2024","","","","03/01/2024","12/08/2025","Case disposedSub Stage","Uncontested--DECREE SATISFIED","588","1","PRL. CITY CIVIL AND SESSIONS JUDGE","10-CCH2 I ADDL. CITY CIVIL AND SESSIONS JUDGE","City Civil Court Complex, Bangalore","Karnataka","BENGALURU","SACHIN","VENKATESH S","SANTHOSH KUMAR G","U/O 21 RULE 11 OF CPC","7","03/09/2024","27/09/2024","CCH2 I ADDL. CITY CIVIL AND SESSIONS JUDGE","SUMMONS","Case called. Advocate for DHR filed a memo copy of stay order. Attachment warrant returned unexecuted. Await further orders. Call on 27.09.2024.","SUMMONS","27/09/2024","1","Orders","file:///C:/Users/misha/OneDrive/Desktop/daksh/pilot_output/orders/EX_8_2024_order_1.pdf","[Order Dated: 12/08/2025] EX No.8-2024 Case called. Advocate for DHR filed a memo along with order of Hon'ble High Court of Karnataka and prayed to close the EP stating that, matter is settled. In view of memo and submission, EP is closed as fully satisfied. 1 st A.C.C.J.,(CCH-2) Bengaluru","Execution Petition taken up for hearing on execution warrant / steps.","EX No.8-2024 Case called. Advocate for DHR filed a memo along with order of Hon'ble High Court of Karnataka and prayed to close the EP stating that, matter is settled. In view of memo and submission, EP is closed as fully satisfied. 1 st A.C.C.J.,(CCH-2) Bengaluru","None","PKABC010001352024_1_1","Precept [Sec. 46]","03/01/2024","3","1030135","28/09/2026 16:29"
"EX/8/2024","EX - Execution Petition Under Order","KABC010001352024","SACHIN vs SANTHOSH KUMAR G","25/2024","02/01/2024","8/2024","03/01/2024","","","","03/01/2024","12/08/2025","Case disposedSub Stage","Uncontested--DECREE SATISFIED","588","1","PRL. CITY CIVIL AND SESSIONS JUDGE","10-CCH2 I ADDL. CITY CIVIL AND SESSIONS JUDGE","City Civil Court Complex, Bangalore","Karnataka","BENGALURU","SACHIN","VENKATESH S","SANTHOSH KUMAR G","U/O 21 RULE 11 OF CPC","8","27/07/2024","03/09/2024","CCH2 I ADDL. CITY CIVIL AND SESSIONS JUDGE","HEARING","Case called. Advocate for JDR prays time for objection. Sufficient time is granted, objection taken as not filed. PF paid and list of movables furnished. Issue Attachment warrant of movables of JDR . Call on 03.09.2024.","HEARING","03/09/2024","1","Orders","file:///C:/Users/misha/OneDrive/Desktop/daksh/pilot_output/orders/EX_8_2024_order_1.pdf","[Order Dated: 12/08/2025] EX No.8-2024 Case called. Advocate for DHR filed a memo along with order of Hon'ble High Court of Karnataka and prayed to close the EP stating that, matter is settled. In view of memo and submission, EP is closed as fully satisfied. 1 st A.C.C.J.,(CCH-2) Bengaluru","Execution Petition taken up for hearing on execution warrant / steps.","EX No.8-2024 Case called. Advocate for DHR filed a memo along with order of Hon'ble High Court of Karnataka and prayed to close the EP stating that, matter is settled. In view of memo and submission, EP is closed as fully satisfied. 1 st A.C.C.J.,(CCH-2) Bengaluru","None","PKABC010001352024_1_1","Precept [Sec. 46]","03/01/2024","3","1030135","28/09/2026 16:29"
"EX/8/2024","EX - Execution Petition Under Order","KABC010001352024","SACHIN vs SANTHOSH KUMAR G","25/2024","02/01/2024","8/2024","03/01/2024","","","","03/01/2024","12/08/2025","Case disposedSub Stage","Uncontested--DECREE SATISFIED","588","1","PRL. CITY CIVIL AND SESSIONS JUDGE","10-CCH2 I ADDL. CITY CIVIL AND SESSIONS JUDGE","City Civil Court Complex, Bangalore","Karnataka","BENGALURU","SACHIN","VENKATESH S","SANTHOSH KUMAR G","U/O 21 RULE 11 OF CPC","9","10/07/2024","27/07/2024","CCH2 I ADDL. CITY CIVIL AND SESSIONS JUDGE","SUMMONS","Case called. Advocate for JDR prays time for objections finally. Call on 27.7.2024.","SUMMONS","27/07/2024","1","Orders","file:///C:/Users/misha/OneDrive/Desktop/daksh/pilot_output/orders/EX_8_2024_order_1.pdf","[Order Dated: 12/08/2025] EX No.8-2024 Case called. Advocate for DHR filed a memo along with order of Hon'ble High Court of Karnataka and prayed to close the EP stating that, matter is settled. In view of memo and submission, EP is closed as fully satisfied. 1 st A.C.C.J.,(CCH-2) Bengaluru","Execution Petition taken up for hearing on execution warrant / steps.","EX No.8-2024 Case called. Advocate for DHR filed a memo along with order of Hon'ble High Court of Karnataka and prayed to close the EP stating that, matter is settled. In view of memo and submission, EP is closed as fully satisfied. 1 st A.C.C.J.,(CCH-2) Bengaluru","None","PKABC010001352024_1_1","Precept [Sec. 46]","03/01/2024","3","1030135","28/09/2026 16:29"
"EX/8/2024","EX - Execution Petition Under Order","KABC010001352024","SACHIN vs SANTHOSH KUMAR G","25/2024","02/01/2024","8/2024","03/01/2024","","","","03/01/2024","12/08/2025","Case disposedSub Stage","Uncontested--DECREE SATISFIED","588","1","PRL. CITY CIVIL AND SESSIONS JUDGE","10-CCH2 I ADDL. CITY CIVIL AND SESSIONS JUDGE","City Civil Court Complex, Bangalore","Karnataka","BENGALURU","SACHIN","VENKATESH S","SANTHOSH KUMAR G","U/O 21 RULE 11 OF CPC","10","13/06/2024","10/07/2024","CCH2 I ADDL. CITY CIVIL AND SESSIONS JUDGE","SUMMONS","Case called. MV advocate filed vakalath for JDR and P/t for objections. Call on 10.07.2024.","SUMMONS","10/07/2024","1","Orders","file:///C:/Users/misha/OneDrive/Desktop/daksh/pilot_output/orders/EX_8_2024_order_1.pdf","[Order Dated: 12/08/2025] EX No.8-2024 Case called. Advocate for DHR filed a memo along with order of Hon'ble High Court of Karnataka and prayed to close the EP stating that, matter is settled. In view of memo and submission, EP is closed as fully satisfied. 1 st A.C.C.J.,(CCH-2) Bengaluru","Execution Petition taken up for hearing on execution warrant / steps.","EX No.8-2024 Case called. Advocate for DHR filed a memo along with order of Hon'ble High Court of Karnataka and prayed to close the EP stating that, matter is settled. In view of memo and submission, EP is closed as fully satisfied. 1 st A.C.C.J.,(CCH-2) Bengaluru","None","PKABC010001352024_1_1","Precept [Sec. 46]","03/01/2024","3","1030135","28/09/2026 16:29"
"EX/8/2024","EX - Execution Petition Under Order","KABC010001352024","SACHIN vs SANTHOSH KUMAR G","25/2024","02/01/2024","8/2024","03/01/2024","","","","03/01/2024","12/08/2025","Case disposedSub Stage","Uncontested--DECREE SATISFIED","588","1","PRL. CITY CIVIL AND SESSIONS JUDGE","10-CCH2 I ADDL. CITY CIVIL AND SESSIONS JUDGE","City Civil Court Complex, Bangalore","Karnataka","BENGALURU","SACHIN","VENKATESH S","SANTHOSH KUMAR G","U/O 21 RULE 11 OF CPC","11","20/03/2024","13/06/2024","CCH2 I ADDL. CITY CIVIL AND SESSIONS JUDGE","NOTICE","The advocate for DHR is present. Reissue notice to JDR, if correct address and PF are furnished. Call on 13.06.2024.","NOTICE","13/06/2024","1","Orders","file:///C:/Users/misha/OneDrive/Desktop/daksh/pilot_output/orders/EX_8_2024_order_1.pdf","[Order Dated: 12/08/2025] EX No.8-2024 Case called. Advocate for DHR filed a memo along with order of Hon'ble High Court of Karnataka and prayed to close the EP stating that, matter is settled. In view of memo and submission, EP is closed as fully satisfied. 1 st A.C.C.J.,(CCH-2) Bengaluru","Execution Petition taken up for hearing on execution warrant / steps.","EX No.8-2024 Case called. Advocate for DHR filed a memo along with order of Hon'ble High Court of Karnataka and prayed to close the EP stating that, matter is settled. In view of memo and submission, EP is closed as fully satisfied. 1 st A.C.C.J.,(CCH-2) Bengaluru","None","PKABC010001352024_1_1","Precept [Sec. 46]","03/01/2024","3","1030135","28/09/2026 16:29"
"EX/8/2024","EX - Execution Petition Under Order","KABC010001352024","SACHIN vs SANTHOSH KUMAR G","25/2024","02/01/2024","8/2024","03/01/2024","","","","03/01/2024","12/08/2025","Case disposedSub Stage","Uncontested--DECREE SATISFIED","588","1","PRL. CITY CIVIL AND SESSIONS JUDGE","10-CCH2 I ADDL. CITY CIVIL AND SESSIONS JUDGE","City Civil Court Complex, Bangalore","Karnataka","BENGALURU","SACHIN","VENKATESH S","SANTHOSH KUMAR G","U/O 21 RULE 11 OF CPC","12","03/01/2024","20/03/2024","CCH2 I ADDL. CITY CIVIL AND SESSIONS JUDGE","NOTICE","Issue notice to the JDR, if PF charges paid. Call on 20.03.2024.","NOTICE","20/03/2024","1","Orders","file:///C:/Users/misha/OneDrive/Desktop/daksh/pilot_output/orders/EX_8_2024_order_1.pdf","[Order Dated: 12/08/2025] EX No.8-2024 Case called. Advocate for DHR filed a memo along with order of Hon'ble High Court of Karnataka and prayed to close the EP stating that, matter is settled. In view of memo and submission, EP is closed as fully satisfied. 1 st A.C.C.J.,(CCH-2) Bengaluru","Execution Petition taken up for hearing on execution warrant / steps.","EX No.8-2024 Case called. Advocate for DHR filed a memo along with order of Hon'ble High Court of Karnataka and prayed to close the EP stating that, matter is settled. In view of memo and submission, EP is closed as fully satisfied. 1 st A.C.C.J.,(CCH-2) Bengaluru","None","PKABC010001352024_1_1","Precept [Sec. 46]","03/01/2024","3","1030135","28/09/2026 16:29"
"EX/9/2024","EX - Execution Petition Under Order","KABC010001382024","SATHISH B M SINCE DEAD LRS 1)a) SAVITHA SATISH vs ANANTH","26/2024","02/01/2024","9/2024","03/01/2024","O.S./0006194/2010","KABC010171412010","7285","03/01/2024","06/04/2024","Case disposed","Uncontested--DISPOSED OTHERWISE","95","1","PRL. CITY CIVIL AND SESSIONS JUDGE","26-CCH23 XXV ADDL. CITY CIVIL AND SESSIONS JUDGE","City Civil Court Complex, Bangalore","Karnataka","BENGALURU","SATHISH B M SINCE DEAD LRS 1)a) SAVITHA SATISH","RAMESH K","ANANTH","U/O 21 RULE 11 OF CPC","1","06/04/2024","06/04/2024","CCH23 XXV ADDL. CITY CIVIL AND SESSIONS JUDGE","Disposed","Advocate for Dhr filed memo along with copy of the order passed by the Hon\''ble Supreme Court in Appeal No.25339/2023. Perused the said order. On perusal of the same, it appears that the Hon\''ble Supreme Court has granted time to the Jdr to vacate and handover the vacant possession of petition schedule property till March 2024. Jdr is present. Sri. R.V.K advocate filed vakalath for Jdr. Advocate for Jdr filed memo, stating that Jdr is handing over the keys of the suit schedule premises to the decree holder by reserving his right to initiate separate proceedings against the Dhr for recovery of security deposits if any. Memo is placed on record. Counsel for Dhr has received the key of the petition schedule property from the Jdr and made an endorsement for having received the key. Since, the Jdr has handed over the key of the petition schedule property, I feel it is just and proper to close the petitioner as E.F.S, in view of this, I proceed to pass the following:- ORDER Petition is ordered to be closed as E.F.S.","","","1","Orders","file:///C:/Users/misha/OneDrive/Desktop/daksh/pilot_output/orders/EX_9_2024_order_1.pdf","[Order Dated: 06/04/2024] Petition is ordered to be closed as E.F.S. XXV ACC & SJ, Bengaluru.","Ex.9/2024 Advocate for Dhr filed memo along with copy of the order passed by the Hon'ble Supreme Court in Appeal No.25339/2023. Perused the said order. On perusal of the same, it appears that the Hon'ble Supreme Court has granted time to the Jdr to vacate and handover the vacant possession of petition schedule property till March 2024. Jdr is present. Sri. R.V.K advocate filed vakalath for Jdr. Advocate for Jdr filed memo, stating that Jdr is handing over the keys of the suit schedule premises to the decree holder by reserving his right to initiate separate proceedings against the Dhr for recovery of security deposits if any. Memo is placed on record. Counsel for Dhr has received the key of the petition schedule property from the Jdr and made an endorsement for having received the key. Since, the Jdr has handed over the key of the petition schedule property, I feel it is just and proper to close the petitioner as E.F.S, in view of this, I proceed to pass the following:- ORDER Petition is ordered to be closed as E.F.S. XXV ACC & SJ, Bengaluru.","Petition is ordered to be closed as E.F.S. XXV ACC & SJ, Bengaluru.","","","","","3","1030135","28/09/2026 16:29"
"EX/9/2024","EX - Execution Petition Under Order","KABC010001382024","SATHISH B M SINCE DEAD LRS 1)a) SAVITHA SATISH vs ANANTH","26/2024","02/01/2024","9/2024","03/01/2024","O.S./0006194/2010","KABC010171412010","7285","03/01/2024","06/04/2024","Case disposed","Uncontested--DISPOSED OTHERWISE","95","1","PRL. CITY CIVIL AND SESSIONS JUDGE","26-CCH23 XXV ADDL. CITY CIVIL AND SESSIONS JUDGE","City Civil Court Complex, Bangalore","Karnataka","BENGALURU","SATHISH B M SINCE DEAD LRS 1)a) SAVITHA SATISH","RAMESH K","ANANTH","U/O 21 RULE 11 OF CPC","2","23/02/2024","06/04/2024","CCH23 XXV ADDL. CITY CIVIL AND SESSIONS JUDGE","NOTICE","Perused the bailiff report. As per bailiff report petitioner schedule property was kept under lock. As such delivery warrant is not executed. Advocate for Dhr filed IA.No.1 U/s 151 of CPC seeking for an order for issue of delivery warrant by break open the lock of the petition schedule property. Heard and perused the affidavit in support of application. The grounds urged in the affidavit are satisfied to issue delivery warrant by break open the lock. In view of this, and in the interest of justice, I proceed to pass the following:- ORDER IA.No.1 is allowed. Accordingly, issue delivery warrant by break open the lock. R/by 06.04.2024.","NOTICE","06/04/2024","1","Orders","file:///C:/Users/misha/OneDrive/Desktop/daksh/pilot_output/orders/EX_9_2024_order_1.pdf","[Order Dated: 06/04/2024] Petition is ordered to be closed as E.F.S. XXV ACC & SJ, Bengaluru.","Ex.9/2024 Advocate for Dhr filed memo along with copy of the order passed by the Hon'ble Supreme Court in Appeal No.25339/2023. Perused the said order. On perusal of the same, it appears that the Hon'ble Supreme Court has granted time to the Jdr to vacate and handover the vacant possession of petition schedule property till March 2024. Jdr is present. Sri. R.V.K advocate filed vakalath for Jdr. Advocate for Jdr filed memo, stating that Jdr is handing over the keys of the suit schedule premises to the decree holder by reserving his right to initiate separate proceedings against the Dhr for recovery of security deposits if any. Memo is placed on record. Counsel for Dhr has received the key of the petition schedule property from the Jdr and made an endorsement for having received the key. Since, the Jdr has handed over the key of the petition schedule property, I feel it is just and proper to close the petitioner as E.F.S, in view of this, I proceed to pass the following:- ORDER Petition is ordered to be closed as E.F.S. XXV ACC & SJ, Bengaluru.","Petition is ordered to be closed as E.F.S. XXV ACC & SJ, Bengaluru.","","","","","3","1030135","28/09/2026 16:29"
"EX/9/2024","EX - Execution Petition Under Order","KABC010001382024","SATHISH B M SINCE DEAD LRS 1)a) SAVITHA SATISH vs ANANTH","26/2024","02/01/2024","9/2024","03/01/2024","O.S./0006194/2010","KABC010171412010","7285","03/01/2024","06/04/2024","Case disposed","Uncontested--DISPOSED OTHERWISE","95","1","PRL. CITY CIVIL AND SESSIONS JUDGE","26-CCH23 XXV ADDL. CITY CIVIL AND SESSIONS JUDGE","City Civil Court Complex, Bangalore","Karnataka","BENGALURU","SATHISH B M SINCE DEAD LRS 1)a) SAVITHA SATISH","RAMESH K","ANANTH","U/O 21 RULE 11 OF CPC","3","03/01/2024","23/02/2024","CCH23 XXV ADDL. CITY CIVIL AND SESSIONS JUDGE","NOTICE","Perused the office note. As per office note RFA.No.140/2019 is pending. Perused the record. The Dhr has produced the copy of the order passed by the Hon\''ble High Court of Karnataka in R.F.A.No.140/2019. On perusal of the said order, it is clear that the said R.F.A was disposed of on 11.08.2023 by confirming the judgment and decree passed by this court. Thus, directing the respondent i.e., Jdr herein to vacate and hand over the vacant possession of the schedule premises within 2 months from the date of receipt of copy of the judgment. This execution petition is filed within 2 years from the date of judgment and decree passed by the Hon\''ble High Court of Karnataka in R.F.A.No.140/2019. Hence, issuance of cause notice to the Jdr is hereby dispensed with. Accordingly, issue delivery warrant against the Jdr. R/by 23.02.2024.","NOTICE","23/02/2024","1","Orders","file:///C:/Users/misha/OneDrive/Desktop/daksh/pilot_output/orders/EX_9_2024_order_1.pdf","[Order Dated: 06/04/2024] Petition is ordered to be closed as E.F.S. XXV ACC & SJ, Bengaluru.","Ex.9/2024 Advocate for Dhr filed memo along with copy of the order passed by the Hon'ble Supreme Court in Appeal No.25339/2023. Perused the said order. On perusal of the same, it appears that the Hon'ble Supreme Court has granted time to the Jdr to vacate and handover the vacant possession of petition schedule property till March 2024. Jdr is present. Sri. R.V.K advocate filed vakalath for Jdr. Advocate for Jdr filed memo, stating that Jdr is handing over the keys of the suit schedule premises to the decree holder by reserving his right to initiate separate proceedings against the Dhr for recovery of security deposits if any. Memo is placed on record. Counsel for Dhr has received the key of the petition schedule property from the Jdr and made an endorsement for having received the key. Since, the Jdr has handed over the key of the petition schedule property, I feel it is just and proper to close the petitioner as E.F.S, in view of this, I proceed to pass the following:- ORDER Petition is ordered to be closed as E.F.S. XXV ACC & SJ, Bengaluru.","Petition is ordered to be closed as E.F.S. XXV ACC & SJ, Bengaluru.","","","","","3","1030135","28/09/2026 16:29"
"EX/10/2024","EX - Execution Petition Under Order","KABC010001442024","SAVITHA vs NARESHA K","27/2024","02/01/2024","10/2024","03/01/2024","O.S./0005929/2020","KABC010210302020","7285","03/01/2024","28/03/2025","Case disposedSub Stage","Uncontested--DISPOSED OTHERWISE","451","1","PRL. CITY CIVIL AND SESSIONS JUDGE","808-CCH38 XXXVII ADDL. CITY CIVIL AND SESSIONS JUDGE","City Civil Court Complex, Bangalore","Karnataka","BENGALURU","SAVITHA","BASAVANNA M D","NARESHA K","U/O 21 RULE 11 OF CPC","1","28/03/2025","28/03/2025","CCH38 XXXVII ADDL. CITY CIVIL AND SESSIONS JUDGE","Disposed","As per the order passed by this court today, Mis.No.251/2024 which has been filed for restoration of O.S.5929/2020 has been allowed and suit in O.S.5929/2020 has been restored by setting-aside the exparte decree. The present execution petition has been filed to execute the said exparte decree passed in O.S.5929/2020. In view of restoration of O.S.No.5929/2020 in Mis.No.251/2024 the Execution case No.10/2024 does not survive for consideration. According the Execution petition is closed. No cost.","","","1","Orders","file:///C:/Users/misha/OneDrive/Desktop/daksh/pilot_output/orders/EX_10_2024_order_1.pdf","[Order Dated: 28/03/2025] As per the order passed by this court today, Mis.No.251/2024 which has been filed for restoration of O.S.5929/2020 has been allowed and suit in O.S.5929/2020 has been restored by setting-aside the exparte decree. The present execution petition has been filed to execute the said exparte decree passed in O.S.5929/2020. In view of restoration of in Mis.No.251/2024 the Execution case No.10/2024 does not survive for consideration. According the Execution petition is closed. No cost. C/c XXXVII ACC&SJ, B'luru. (CCH-38)","Execution Petition taken up for hearing on execution warrant / steps.","As per the order passed by this court today, Mis.No.251/2024 which has been filed for restoration of O.S.5929/2020 has been allowed and suit in O.S.5929/2020 has been restored by setting-aside the exparte decree. The present execution petition has been filed to execute the said exparte decree passed in O.S.5929/2020. In view of restoration of in Mis.No.251/2024 the Execution case No.10/2024 does not survive for consideration. According the Execution petition is closed. No cost. C/c XXXVII ACC&SJ, B'luru. (CCH-38)","None","PKABC010001442024_1_1","Precept [Sec. 46]","03/01/2024","3","1030135","28/09/2026 16:30"
"EX/10/2024","EX - Execution Petition Under Order","KABC010001442024","SAVITHA vs NARESHA K","27/2024","02/01/2024","10/2024","03/01/2024","O.S./0005929/2020","KABC010210302020","7285","03/01/2024","28/03/2025","Case disposedSub Stage","Uncontested--DISPOSED OTHERWISE","451","1","PRL. CITY CIVIL AND SESSIONS JUDGE","808-CCH38 XXXVII ADDL. CITY CIVIL AND SESSIONS JUDGE","City Civil Court Complex, Bangalore","Karnataka","BENGALURU","SAVITHA","BASAVANNA M D","NARESHA K","U/O 21 RULE 11 OF CPC","2","17/03/2025","28/03/2025","CCH38 XXXVII ADDL. CITY CIVIL AND SESSIONS JUDGE","NOTICE","DHr prays time. For steps finally. Call on 28-03-2025","NOTICE","28/03/2025","1","Orders","file:///C:/Users/misha/OneDrive/Desktop/daksh/pilot_output/orders/EX_10_2024_order_1.pdf","[Order Dated: 28/03/2025] As per the order passed by this court today, Mis.No.251/2024 which has been filed for restoration of O.S.5929/2020 has been allowed and suit in O.S.5929/2020 has been restored by setting-aside the exparte decree. The present execution petition has been filed to execute the said exparte decree passed in O.S.5929/2020. In view of restoration of in Mis.No.251/2024 the Execution case No.10/2024 does not survive for consideration. According the Execution petition is closed. No cost. C/c XXXVII ACC&SJ, B'luru. (CCH-38)","Execution Petition taken up for hearing on execution warrant / steps.","As per the order passed by this court today, Mis.No.251/2024 which has been filed for restoration of O.S.5929/2020 has been allowed and suit in O.S.5929/2020 has been restored by setting-aside the exparte decree. The present execution petition has been filed to execute the said exparte decree passed in O.S.5929/2020. In view of restoration of in Mis.No.251/2024 the Execution case No.10/2024 does not survive for consideration. According the Execution petition is closed. No cost. C/c XXXVII ACC&SJ, B'luru. (CCH-38)","None","PKABC010001442024_1_1","Precept [Sec. 46]","03/01/2024","3","1030135","28/09/2026 16:30"
"EX/10/2024","EX - Execution Petition Under Order","KABC010001442024","SAVITHA vs NARESHA K","27/2024","02/01/2024","10/2024","03/01/2024","O.S./0005929/2020","KABC010210302020","7285","03/01/2024","28/03/2025","Case disposedSub Stage","Uncontested--DISPOSED OTHERWISE","451","1","PRL. CITY CIVIL AND SESSIONS JUDGE","808-CCH38 XXXVII ADDL. CITY CIVIL AND SESSIONS JUDGE","City Civil Court Complex, Bangalore","Karnataka","BENGALURU","SAVITHA","BASAVANNA M D","NARESHA K","U/O 21 RULE 11 OF CPC","3","28/02/2025","17/03/2025","CCH38 XXXVII ADDL. CITY CIVIL AND SESSIONS JUDGE","NOTICE","Dhr and counsel absent. Call later. Again called at 1.45pm. Dhr counsel prays time. For steps. Call on 17-03-2025","NOTICE","17/03/2025","1","Orders","file:///C:/Users/misha/OneDrive/Desktop/daksh/pilot_output/orders/EX_10_2024_order_1.pdf","[Order Dated: 28/03/2025] As per the order passed by this court today, Mis.No.251/2024 which has been filed for restoration of O.S.5929/2020 has been allowed and suit in O.S.5929/2020 has been restored by setting-aside the exparte decree. The present execution petition has been filed to execute the said exparte decree passed in O.S.5929/2020. In view of restoration of in Mis.No.251/2024 the Execution case No.10/2024 does not survive for consideration. According the Execution petition is closed. No cost. C/c XXXVII ACC&SJ, B'luru. (CCH-38)","Execution Petition taken up for hearing on execution warrant / steps.","As per the order passed by this court today, Mis.No.251/2024 which has been filed for restoration of O.S.5929/2020 has been allowed and suit in O.S.5929/2020 has been restored by setting-aside the exparte decree. The present execution petition has been filed to execute the said exparte decree passed in O.S.5929/2020. In view of restoration of in Mis.No.251/2024 the Execution case No.10/2024 does not survive for consideration. According the Execution petition is closed. No cost. C/c XXXVII ACC&SJ, B'luru. (CCH-38)","None","PKABC010001442024_1_1","Precept [Sec. 46]","03/01/2024","3","1030135","28/09/2026 16:30"
"EX/10/2024","EX - Execution Petition Under Order","KABC010001442024","SAVITHA vs NARESHA K","27/2024","02/01/2024","10/2024","03/01/2024","O.S./0005929/2020","KABC010210302020","7285","03/01/2024","28/03/2025","Case disposedSub Stage","Uncontested--DISPOSED OTHERWISE","451","1","PRL. CITY CIVIL AND SESSIONS JUDGE","808-CCH38 XXXVII ADDL. CITY CIVIL AND SESSIONS JUDGE","City Civil Court Complex, Bangalore","Karnataka","BENGALURU","SAVITHA","BASAVANNA M D","NARESHA K","U/O 21 RULE 11 OF CPC","4","01/02/2025","28/02/2025","CCH38 XXXVII ADDL. CITY CIVIL AND SESSIONS JUDGE","NOTICE","Dhr and counsel absent. No representation made. Call later. Again called at 3.50 pm. JDr counsel present. For steps as last and final chance. Call on 28-02-2025","NOTICE","28/02/2025","1","Orders","file:///C:/Users/misha/OneDrive/Desktop/daksh/pilot_output/orders/EX_10_2024_order_1.pdf","[Order Dated: 28/03/2025] As per the order passed by this court today, Mis.No.251/2024 which has been filed for restoration of O.S.5929/2020 has been allowed and suit in O.S.5929/2020 has been restored by setting-aside the exparte decree. The present execution petition has been filed to execute the said exparte decree passed in O.S.5929/2020. In view of restoration of in Mis.No.251/2024 the Execution case No.10/2024 does not survive for consideration. According the Execution petition is closed. No cost. C/c XXXVII ACC&SJ, B'luru. (CCH-38)","Execution Petition taken up for hearing on execution warrant / steps.","As per the order passed by this court today, Mis.No.251/2024 which has been filed for restoration of O.S.5929/2020 has been allowed and suit in O.S.5929/2020 has been restored by setting-aside the exparte decree. The present execution petition has been filed to execute the said exparte decree passed in O.S.5929/2020. In view of restoration of in Mis.No.251/2024 the Execution case No.10/2024 does not survive for consideration. According the Execution petition is closed. No cost. C/c XXXVII ACC&SJ, B'luru. (CCH-38)","None","PKABC010001442024_1_1","Precept [Sec. 46]","03/01/2024","3","1030135","28/09/2026 16:30"
"EX/10/2024","EX - Execution Petition Under Order","KABC010001442024","SAVITHA vs NARESHA K","27/2024","02/01/2024","10/2024","03/01/2024","O.S./0005929/2020","KABC010210302020","7285","03/01/2024","28/03/2025","Case disposedSub Stage","Uncontested--DISPOSED OTHERWISE","451","1","PRL. CITY CIVIL AND SESSIONS JUDGE","808-CCH38 XXXVII ADDL. CITY CIVIL AND SESSIONS JUDGE","City Civil Court Complex, Bangalore","Karnataka","BENGALURU","SAVITHA","BASAVANNA M D","NARESHA K","U/O 21 RULE 11 OF CPC","5","08/01/2025","01/02/2025","CCH38 XXXVII ADDL. CITY CIVIL AND SESSIONS JUDGE","NOTICE","DHr counsel prays time. For steps as last and final chance. Call on 01-02-2025","NOTICE","01/02/2025","1","Orders","file:///C:/Users/misha/OneDrive/Desktop/daksh/pilot_output/orders/EX_10_2024_order_1.pdf","[Order Dated: 28/03/2025] As per the order passed by this court today, Mis.No.251/2024 which has been filed for restoration of O.S.5929/2020 has been allowed and suit in O.S.5929/2020 has been restored by setting-aside the exparte decree. The present execution petition has been filed to execute the said exparte decree passed in O.S.5929/2020. In view of restoration of in Mis.No.251/2024 the Execution case No.10/2024 does not survive for consideration. According the Execution petition is closed. No cost. C/c XXXVII ACC&SJ, B'luru. (CCH-38)","Execution Petition taken up for hearing on execution warrant / steps.","As per the order passed by this court today, Mis.No.251/2024 which has been filed for restoration of O.S.5929/2020 has been allowed and suit in O.S.5929/2020 has been restored by setting-aside the exparte decree. The present execution petition has been filed to execute the said exparte decree passed in O.S.5929/2020. In view of restoration of in Mis.No.251/2024 the Execution case No.10/2024 does not survive for consideration. According the Execution petition is closed. No cost. C/c XXXVII ACC&SJ, B'luru. (CCH-38)","None","PKABC010001442024_1_1","Precept [Sec. 46]","03/01/2024","3","1030135","28/09/2026 16:30"
"EX/10/2024","EX - Execution Petition Under Order","KABC010001442024","SAVITHA vs NARESHA K","27/2024","02/01/2024","10/2024","03/01/2024","O.S./0005929/2020","KABC010210302020","7285","03/01/2024","28/03/2025","Case disposedSub Stage","Uncontested--DISPOSED OTHERWISE","451","1","PRL. CITY CIVIL AND SESSIONS JUDGE","808-CCH38 XXXVII ADDL. CITY CIVIL AND SESSIONS JUDGE","City Civil Court Complex, Bangalore","Karnataka","BENGALURU","SAVITHA","BASAVANNA M D","NARESHA K","U/O 21 RULE 11 OF CPC","6","02/12/2024","08/01/2025","CCH38 XXXVII ADDL. CITY CIVIL AND SESSIONS JUDGE","NOTICE","DHr counsel present and prays time. For steps as last chance. Call on 08-01-2025","NOTICE","08/01/2025","1","Orders","file:///C:/Users/misha/OneDrive/Desktop/daksh/pilot_output/orders/EX_10_2024_order_1.pdf","[Order Dated: 28/03/2025] As per the order passed by this court today, Mis.No.251/2024 which has been filed for restoration of O.S.5929/2020 has been allowed and suit in O.S.5929/2020 has been restored by setting-aside the exparte decree. The present execution petition has been filed to execute the said exparte decree passed in O.S.5929/2020. In view of restoration of in Mis.No.251/2024 the Execution case No.10/2024 does not survive for consideration. According the Execution petition is closed. No cost. C/c XXXVII ACC&SJ, B'luru. (CCH-38)","Execution Petition taken up for hearing on execution warrant / steps.","As per the order passed by this court today, Mis.No.251/2024 which has been filed for restoration of O.S.5929/2020 has been allowed and suit in O.S.5929/2020 has been restored by setting-aside the exparte decree. The present execution petition has been filed to execute the said exparte decree passed in O.S.5929/2020. In view of restoration of in Mis.No.251/2024 the Execution case No.10/2024 does not survive for consideration. According the Execution petition is closed. No cost. C/c XXXVII ACC&SJ, B'luru. (CCH-38)","None","PKABC010001442024_1_1","Precept [Sec. 46]","03/01/2024","3","1030135","28/09/2026 16:30"
"EX/10/2024","EX - Execution Petition Under Order","KABC010001442024","SAVITHA vs NARESHA K","27/2024","02/01/2024","10/2024","03/01/2024","O.S./0005929/2020","KABC010210302020","7285","03/01/2024","28/03/2025","Case disposedSub Stage","Uncontested--DISPOSED OTHERWISE","451","1","PRL. CITY CIVIL AND SESSIONS JUDGE","808-CCH38 XXXVII ADDL. CITY CIVIL AND SESSIONS JUDGE","City Civil Court Complex, Bangalore","Karnataka","BENGALURU","SAVITHA","BASAVANNA M D","NARESHA K","U/O 21 RULE 11 OF CPC","7","22/10/2024","02/12/2024","CCH38 XXXVII ADDL. CITY CIVIL AND SESSIONS JUDGE","NOTICE","DHr and counsel absent. No representation made. For steps finally. Call on 02-12-2024","NOTICE","02/12/2024","1","Orders","file:///C:/Users/misha/OneDrive/Desktop/daksh/pilot_output/orders/EX_10_2024_order_1.pdf","[Order Dated: 28/03/2025] As per the order passed by this court today, Mis.No.251/2024 which has been filed for restoration of O.S.5929/2020 has been allowed and suit in O.S.5929/2020 has been restored by setting-aside the exparte decree. The present execution petition has been filed to execute the said exparte decree passed in O.S.5929/2020. In view of restoration of in Mis.No.251/2024 the Execution case No.10/2024 does not survive for consideration. According the Execution petition is closed. No cost. C/c XXXVII ACC&SJ, B'luru. (CCH-38)","Execution Petition taken up for hearing on execution warrant / steps.","As per the order passed by this court today, Mis.No.251/2024 which has been filed for restoration of O.S.5929/2020 has been allowed and suit in O.S.5929/2020 has been restored by setting-aside the exparte decree. The present execution petition has been filed to execute the said exparte decree passed in O.S.5929/2020. In view of restoration of in Mis.No.251/2024 the Execution case No.10/2024 does not survive for consideration. According the Execution petition is closed. No cost. C/c XXXVII ACC&SJ, B'luru. (CCH-38)","None","PKABC010001442024_1_1","Precept [Sec. 46]","03/01/2024","3","1030135","28/09/2026 16:30"
"EX/10/2024","EX - Execution Petition Under Order","KABC010001442024","SAVITHA vs NARESHA K","27/2024","02/01/2024","10/2024","03/01/2024","O.S./0005929/2020","KABC010210302020","7285","03/01/2024","28/03/2025","Case disposedSub Stage","Uncontested--DISPOSED OTHERWISE","451","1","PRL. CITY CIVIL AND SESSIONS JUDGE","808-CCH38 XXXVII ADDL. CITY CIVIL AND SESSIONS JUDGE","City Civil Court Complex, Bangalore","Karnataka","BENGALURU","SAVITHA","BASAVANNA M D","NARESHA K","U/O 21 RULE 11 OF CPC","8","17/09/2024","22/10/2024","CCH38 XXXVII ADDL. CITY CIVIL AND SESSIONS JUDGE","NOTICE","DHr and counsel absent. JDr counsel present. For steps. Call on 22-10-2024","NOTICE","22/10/2024","1","Orders","file:///C:/Users/misha/OneDrive/Desktop/daksh/pilot_output/orders/EX_10_2024_order_1.pdf","[Order Dated: 28/03/2025] As per the order passed by this court today, Mis.No.251/2024 which has been filed for restoration of O.S.5929/2020 has been allowed and suit in O.S.5929/2020 has been restored by setting-aside the exparte decree. The present execution petition has been filed to execute the said exparte decree passed in O.S.5929/2020. In view of restoration of in Mis.No.251/2024 the Execution case No.10/2024 does not survive for consideration. According the Execution petition is closed. No cost. C/c XXXVII ACC&SJ, B'luru. (CCH-38)","Execution Petition taken up for hearing on execution warrant / steps.","As per the order passed by this court today, Mis.No.251/2024 which has been filed for restoration of O.S.5929/2020 has been allowed and suit in O.S.5929/2020 has been restored by setting-aside the exparte decree. The present execution petition has been filed to execute the said exparte decree passed in O.S.5929/2020. In view of restoration of in Mis.No.251/2024 the Execution case No.10/2024 does not survive for consideration. According the Execution petition is closed. No cost. C/c XXXVII ACC&SJ, B'luru. (CCH-38)","None","PKABC010001442024_1_1","Precept [Sec. 46]","03/01/2024","3","1030135","28/09/2026 16:30"
"EX/10/2024","EX - Execution Petition Under Order","KABC010001442024","SAVITHA vs NARESHA K","27/2024","02/01/2024","10/2024","03/01/2024","O.S./0005929/2020","KABC010210302020","7285","03/01/2024","28/03/2025","Case disposedSub Stage","Uncontested--DISPOSED OTHERWISE","451","1","PRL. CITY CIVIL AND SESSIONS JUDGE","808-CCH38 XXXVII ADDL. CITY CIVIL AND SESSIONS JUDGE","City Civil Court Complex, Bangalore","Karnataka","BENGALURU","SAVITHA","BASAVANNA M D","NARESHA K","U/O 21 RULE 11 OF CPC","9","13/08/2024","17/09/2024","CCH38 XXXVII ADDL. CITY CIVIL AND SESSIONS JUDGE","NOTICE","JDr counsel present. DHr and counsel absent. For steps finally. Call on 17-09-2024","NOTICE","17/09/2024","1","Orders","file:///C:/Users/misha/OneDrive/Desktop/daksh/pilot_output/orders/EX_10_2024_order_1.pdf","[Order Dated: 28/03/2025] As per the order passed by this court today, Mis.No.251/2024 which has been filed for restoration of O.S.5929/2020 has been allowed and suit in O.S.5929/2020 has been restored by setting-aside the exparte decree. The present execution petition has been filed to execute the said exparte decree passed in O.S.5929/2020. In view of restoration of in Mis.No.251/2024 the Execution case No.10/2024 does not survive for consideration. According the Execution petition is closed. No cost. C/c XXXVII ACC&SJ, B'luru. (CCH-38)","Execution Petition taken up for hearing on execution warrant / steps.","As per the order passed by this court today, Mis.No.251/2024 which has been filed for restoration of O.S.5929/2020 has been allowed and suit in O.S.5929/2020 has been restored by setting-aside the exparte decree. The present execution petition has been filed to execute the said exparte decree passed in O.S.5929/2020. In view of restoration of in Mis.No.251/2024 the Execution case No.10/2024 does not survive for consideration. According the Execution petition is closed. No cost. C/c XXXVII ACC&SJ, B'luru. (CCH-38)","None","PKABC010001442024_1_1","Precept [Sec. 46]","03/01/2024","3","1030135","28/09/2026 16:30"
"EX/10/2024","EX - Execution Petition Under Order","KABC010001442024","SAVITHA vs NARESHA K","27/2024","02/01/2024","10/2024","03/01/2024","O.S./0005929/2020","KABC010210302020","7285","03/01/2024","28/03/2025","Case disposedSub Stage","Uncontested--DISPOSED OTHERWISE","451","1","PRL. CITY CIVIL AND SESSIONS JUDGE","808-CCH38 XXXVII ADDL. CITY CIVIL AND SESSIONS JUDGE","City Civil Court Complex, Bangalore","Karnataka","BENGALURU","SAVITHA","BASAVANNA M D","NARESHA K","U/O 21 RULE 11 OF CPC","10","22/07/2024","13/08/2024","CCH38 XXXVII ADDL. CITY CIVIL AND SESSIONS JUDGE","NOTICE","JDR counsel present. DHR counsel present and prays time. For steps. Call on 13-08-2024","NOTICE","13/08/2024","1","Orders","file:///C:/Users/misha/OneDrive/Desktop/daksh/pilot_output/orders/EX_10_2024_order_1.pdf","[Order Dated: 28/03/2025] As per the order passed by this court today, Mis.No.251/2024 which has been filed for restoration of O.S.5929/2020 has been allowed and suit in O.S.5929/2020 has been restored by setting-aside the exparte decree. The present execution petition has been filed to execute the said exparte decree passed in O.S.5929/2020. In view of restoration of in Mis.No.251/2024 the Execution case No.10/2024 does not survive for consideration. According the Execution petition is closed. No cost. C/c XXXVII ACC&SJ, B'luru. (CCH-38)","Execution Petition taken up for hearing on execution warrant / steps.","As per the order passed by this court today, Mis.No.251/2024 which has been filed for restoration of O.S.5929/2020 has been allowed and suit in O.S.5929/2020 has been restored by setting-aside the exparte decree. The present execution petition has been filed to execute the said exparte decree passed in O.S.5929/2020. In view of restoration of in Mis.No.251/2024 the Execution case No.10/2024 does not survive for consideration. According the Execution petition is closed. No cost. C/c XXXVII ACC&SJ, B'luru. (CCH-38)","None","PKABC010001442024_1_1","Precept [Sec. 46]","03/01/2024","3","1030135","28/09/2026 16:30"
"EX/10/2024","EX - Execution Petition Under Order","KABC010001442024","SAVITHA vs NARESHA K","27/2024","02/01/2024","10/2024","03/01/2024","O.S./0005929/2020","KABC010210302020","7285","03/01/2024","28/03/2025","Case disposedSub Stage","Uncontested--DISPOSED OTHERWISE","451","1","PRL. CITY CIVIL AND SESSIONS JUDGE","808-CCH38 XXXVII ADDL. CITY CIVIL AND SESSIONS JUDGE","City Civil Court Complex, Bangalore","Karnataka","BENGALURU","SAVITHA","BASAVANNA M D","NARESHA K","U/O 21 RULE 11 OF CPC","11","12/06/2024","22/07/2024","CCH38 XXXVII ADDL. CITY CIVIL AND SESSIONS JUDGE","NOTICE","Counsel for both parties absent. JDR has not filed objections. For steps. Call on 22-07-2024","NOTICE","22/07/2024","1","Orders","file:///C:/Users/misha/OneDrive/Desktop/daksh/pilot_output/orders/EX_10_2024_order_1.pdf","[Order Dated: 28/03/2025] As per the order passed by this court today, Mis.No.251/2024 which has been filed for restoration of O.S.5929/2020 has been allowed and suit in O.S.5929/2020 has been restored by setting-aside the exparte decree. The present execution petition has been filed to execute the said exparte decree passed in O.S.5929/2020. In view of restoration of in Mis.No.251/2024 the Execution case No.10/2024 does not survive for consideration. According the Execution petition is closed. No cost. C/c XXXVII ACC&SJ, B'luru. (CCH-38)","Execution Petition taken up for hearing on execution warrant / steps.","As per the order passed by this court today, Mis.No.251/2024 which has been filed for restoration of O.S.5929/2020 has been allowed and suit in O.S.5929/2020 has been restored by setting-aside the exparte decree. The present execution petition has been filed to execute the said exparte decree passed in O.S.5929/2020. In view of restoration of in Mis.No.251/2024 the Execution case No.10/2024 does not survive for consideration. According the Execution petition is closed. No cost. C/c XXXVII ACC&SJ, B'luru. (CCH-38)","None","PKABC010001442024_1_1","Precept [Sec. 46]","03/01/2024","3","1030135","28/09/2026 16:30"
"EX/10/2024","EX - Execution Petition Under Order","KABC010001442024","SAVITHA vs NARESHA K","27/2024","02/01/2024","10/2024","03/01/2024","O.S./0005929/2020","KABC010210302020","7285","03/01/2024","28/03/2025","Case disposedSub Stage","Uncontested--DISPOSED OTHERWISE","451","1","PRL. CITY CIVIL AND SESSIONS JUDGE","808-CCH38 XXXVII ADDL. CITY CIVIL AND SESSIONS JUDGE","City Civil Court Complex, Bangalore","Karnataka","BENGALURU","SAVITHA","BASAVANNA M D","NARESHA K","U/O 21 RULE 11 OF CPC","12","01/04/2024","12/06/2024","CCH38 XXXVII ADDL. CITY CIVIL AND SESSIONS JUDGE","OBJECTION","JDR counsel present. Dhr counsel absent. Call on 12-06-2024","OBJECTION","12/06/2024","1","Orders","file:///C:/Users/misha/OneDrive/Desktop/daksh/pilot_output/orders/EX_10_2024_order_1.pdf","[Order Dated: 28/03/2025] As per the order passed by this court today, Mis.No.251/2024 which has been filed for restoration of O.S.5929/2020 has been allowed and suit in O.S.5929/2020 has been restored by setting-aside the exparte decree. The present execution petition has been filed to execute the said exparte decree passed in O.S.5929/2020. In view of restoration of in Mis.No.251/2024 the Execution case No.10/2024 does not survive for consideration. According the Execution petition is closed. No cost. C/c XXXVII ACC&SJ, B'luru. (CCH-38)","Execution Petition taken up for hearing on execution warrant / steps.","As per the order passed by this court today, Mis.No.251/2024 which has been filed for restoration of O.S.5929/2020 has been allowed and suit in O.S.5929/2020 has been restored by setting-aside the exparte decree. The present execution petition has been filed to execute the said exparte decree passed in O.S.5929/2020. In view of restoration of in Mis.No.251/2024 the Execution case No.10/2024 does not survive for consideration. According the Execution petition is closed. No cost. C/c XXXVII ACC&SJ, B'luru. (CCH-38)","None","PKABC010001442024_1_1","Precept [Sec. 46]","03/01/2024","3","1030135","28/09/2026 16:30"
"EX/10/2024","EX - Execution Petition Under Order","KABC010001442024","SAVITHA vs NARESHA K","27/2024","02/01/2024","10/2024","03/01/2024","O.S./0005929/2020","KABC010210302020","7285","03/01/2024","28/03/2025","Case disposedSub Stage","Uncontested--DISPOSED OTHERWISE","451","1","PRL. CITY CIVIL AND SESSIONS JUDGE","808-CCH38 XXXVII ADDL. CITY CIVIL AND SESSIONS JUDGE","City Civil Court Complex, Bangalore","Karnataka","BENGALURU","SAVITHA","BASAVANNA M D","NARESHA K","U/O 21 RULE 11 OF CPC","13","11/03/2024","01/04/2024","CCH38 XXXVII ADDL. CITY CIVIL AND SESSIONS JUDGE","OBJECTION","Sri. NSR advocate filed vakalath for JDR. DHR counsel absent. For objections of JDR. Call on 01-04-2024","OBJECTION","01/04/2024","1","Orders","file:///C:/Users/misha/OneDrive/Desktop/daksh/pilot_output/orders/EX_10_2024_order_1.pdf","[Order Dated: 28/03/2025] As per the order passed by this court today, Mis.No.251/2024 which has been filed for restoration of O.S.5929/2020 has been allowed and suit in O.S.5929/2020 has been restored by setting-aside the exparte decree. The present execution petition has been filed to execute the said exparte decree passed in O.S.5929/2020. In view of restoration of in Mis.No.251/2024 the Execution case No.10/2024 does not survive for consideration. According the Execution petition is closed. No cost. C/c XXXVII ACC&SJ, B'luru. (CCH-38)","Execution Petition taken up for hearing on execution warrant / steps.","As per the order passed by this court today, Mis.No.251/2024 which has been filed for restoration of O.S.5929/2020 has been allowed and suit in O.S.5929/2020 has been restored by setting-aside the exparte decree. The present execution petition has been filed to execute the said exparte decree passed in O.S.5929/2020. In view of restoration of in Mis.No.251/2024 the Execution case No.10/2024 does not survive for consideration. According the Execution petition is closed. No cost. C/c XXXVII ACC&SJ, B'luru. (CCH-38)","None","PKABC010001442024_1_1","Precept [Sec. 46]","03/01/2024","3","1030135","28/09/2026 16:30"
"EX/10/2024","EX - Execution Petition Under Order","KABC010001442024","SAVITHA vs NARESHA K","27/2024","02/01/2024","10/2024","03/01/2024","O.S./0005929/2020","KABC010210302020","7285","03/01/2024","28/03/2025","Case disposedSub Stage","Uncontested--DISPOSED OTHERWISE","451","1","PRL. CITY CIVIL AND SESSIONS JUDGE","808-CCH38 XXXVII ADDL. CITY CIVIL AND SESSIONS JUDGE","City Civil Court Complex, Bangalore","Karnataka","BENGALURU","SAVITHA","BASAVANNA M D","NARESHA K","U/O 21 RULE 11 OF CPC","14","08/02/2024","11/03/2024","CCH38 XXXVII ADDL. CITY CIVIL AND SESSIONS JUDGE","NOTICE","Dhr and counsel absent. For steps. Call on 11-03-2024","NOTICE","11/03/2024","1","Orders","file:///C:/Users/misha/OneDrive/Desktop/daksh/pilot_output/orders/EX_10_2024_order_1.pdf","[Order Dated: 28/03/2025] As per the order passed by this court today, Mis.No.251/2024 which has been filed for restoration of O.S.5929/2020 has been allowed and suit in O.S.5929/2020 has been restored by setting-aside the exparte decree. The present execution petition has been filed to execute the said exparte decree passed in O.S.5929/2020. In view of restoration of in Mis.No.251/2024 the Execution case No.10/2024 does not survive for consideration. According the Execution petition is closed. No cost. C/c XXXVII ACC&SJ, B'luru. (CCH-38)","Execution Petition taken up for hearing on execution warrant / steps.","As per the order passed by this court today, Mis.No.251/2024 which has been filed for restoration of O.S.5929/2020 has been allowed and suit in O.S.5929/2020 has been restored by setting-aside the exparte decree. The present execution petition has been filed to execute the said exparte decree passed in O.S.5929/2020. In view of restoration of in Mis.No.251/2024 the Execution case No.10/2024 does not survive for consideration. According the Execution petition is closed. No cost. C/c XXXVII ACC&SJ, B'luru. (CCH-38)","None","PKABC010001442024_1_1","Precept [Sec. 46]","03/01/2024","3","1030135","28/09/2026 16:30"
"EX/10/2024","EX - Execution Petition Under Order","KABC010001442024","SAVITHA vs NARESHA K","27/2024","02/01/2024","10/2024","03/01/2024","O.S./0005929/2020","KABC010210302020","7285","03/01/2024","28/03/2025","Case disposedSub Stage","Uncontested--DISPOSED OTHERWISE","451","1","PRL. CITY CIVIL AND SESSIONS JUDGE","808-CCH38 XXXVII ADDL. CITY CIVIL AND SESSIONS JUDGE","City Civil Court Complex, Bangalore","Karnataka","BENGALURU","SAVITHA","BASAVANNA M D","NARESHA K","U/O 21 RULE 11 OF CPC","15","03/01/2024","08/02/2024","CCH38 XXXVII ADDL. CITY CIVIL AND SESSIONS JUDGE","NOTICE","Issue cause notice to Jdr. Call on 08-02-2024","NOTICE","08/02/2024","1","Orders","file:///C:/Users/misha/OneDrive/Desktop/daksh/pilot_output/orders/EX_10_2024_order_1.pdf","[Order Dated: 28/03/2025] As per the order passed by this court today, Mis.No.251/2024 which has been filed for restoration of O.S.5929/2020 has been allowed and suit in O.S.5929/2020 has been restored by setting-aside the exparte decree. The present execution petition has been filed to execute the said exparte decree passed in O.S.5929/2020. In view of restoration of in Mis.No.251/2024 the Execution case No.10/2024 does not survive for consideration. According the Execution petition is closed. No cost. C/c XXXVII ACC&SJ, B'luru. (CCH-38)","Execution Petition taken up for hearing on execution warrant / steps.","As per the order passed by this court today, Mis.No.251/2024 which has been filed for restoration of O.S.5929/2020 has been allowed and suit in O.S.5929/2020 has been restored by setting-aside the exparte decree. The present execution petition has been filed to execute the said exparte decree passed in O.S.5929/2020. In view of restoration of in Mis.No.251/2024 the Execution case No.10/2024 does not survive for consideration. According the Execution petition is closed. No cost. C/c XXXVII ACC&SJ, B'luru. (CCH-38)","None","PKABC010001442024_1_1","Precept [Sec. 46]","03/01/2024","3","1030135","28/09/2026 16:30"
"EX/11/2024","EX - Execution Petition Under Order","KABC010001202024","SRINIVASAIAH SETTY vs JAVERIA","24/2024","02/01/2024","11/2024","03/01/2024","O.S./0000010/2017","KABC010000292017","7285","03/01/2024","02/06/2025","Case disposedSub Stage","Uncontested--DISPOSED OTHERWISE","517","1","PRL. CITY CIVIL AND SESSIONS JUDGE","4-CCH25 III ADDL. CITY CIVIL AND SESSIONS JUDGE","City Civil Court Complex, Bangalore","Karnataka","BENGALURU","SRINIVASAIAH SETTY","DAKAPPA K. T.","JAVERIA","U/O 21 RULE 11 OF CPC","1","02/06/2025","02/06/2025","CCH25 III ADDL. CITY CIVIL AND SESSIONS JUDGE","Disposed","Counsel for the JDR is present. Case is again called out at 3:25 p.m. Both the counsel are present. Counsel for JDR is present and files a memo along with DD.No.692652 dated 02/06/2025 for Rs.4,00,000/- drawn on IDFC First Bank, Bengaluru. The same is handed over to the DHR herein in the Open Court. Both the counsel also files memo. In view of the memo filed, Execution Petition is closed as fully satisfied.","","","1","Orders","file:///C:/Users/misha/OneDrive/Desktop/daksh/pilot_output/orders/EX_11_2024_order_1.pdf","[Order Dated: 02/06/2025] EX 11/2024 Counsel for the JDR is present. Case is again called out at 3:25 p.m. Both the counsel are present. Counsel for JDR is present and files a memo along with DD.No.692652 dated 02/06/2025 for Rs.4,00,000/- drawn on IDFC First Bank, Bengaluru. The same is handed over to the DHR herein in the Open Court. Both the counsel also files memo. In view of the memo filed, Execution Petition is closed as fully satisfied. III-Addl.City Civil & SJ, Bengaluru","Execution Petition taken up for hearing on execution warrant / steps.","EX 11/2024 Counsel for the JDR is present. Case is again called out at 3:25 p.m. Both the counsel are present. Counsel for JDR is present and files a memo along with DD.No.692652 dated 02/06/2025 for Rs.4,00,000/- drawn on IDFC First Bank, Bengaluru. The same is handed over to the DHR herein in the Open Court. Both the counsel also files memo. In view of the memo filed, Execution Petition is closed as fully satisfied. III-Addl.City Civil & SJ, Bengaluru","None","PKABC010001202024_1_1","Precept [Sec. 46]","03/01/2024","3","1030135","28/09/2026 16:30"
"EX/11/2024","EX - Execution Petition Under Order","KABC010001202024","SRINIVASAIAH SETTY vs JAVERIA","24/2024","02/01/2024","11/2024","03/01/2024","O.S./0000010/2017","KABC010000292017","7285","03/01/2024","02/06/2025","Case disposedSub Stage","Uncontested--DISPOSED OTHERWISE","517","1","PRL. CITY CIVIL AND SESSIONS JUDGE","4-CCH25 III ADDL. CITY CIVIL AND SESSIONS JUDGE","City Civil Court Complex, Bangalore","Karnataka","BENGALURU","SRINIVASAIAH SETTY","DAKAPPA K. T.","JAVERIA","U/O 21 RULE 11 OF CPC","2","25/04/2025","02/06/2025","CCH25 III ADDL. CITY CIVIL AND SESSIONS JUDGE","NOTICE","Learned counsel for JDR present. Case again called out at 3.45P.M. Learned counsel for the DHR present. Case again called out at 3.55P.M. Both the counsel present. Both parties present and files an application u/o 23 R 3 of CPC along with affidavit. On perusing the compromise petition the terms and conditions of compromise petition are legal and valid and I&rsquo;m satisfied. By entering into the compromise petition the entire dispute between the parties will be settled. Hence, compromise petition is accepted. The terms and the conditions of the compromise petition are read over to both the parties in their known languages and in turn they admitted the terms of Compromise petition and also admitted the compromise petition. DHR herein received the DD bearing No.692645 for sum of Rs.6,00,000/-(Six Lakh Rupee only) drawn on IDFC Bank dated: 25.04.2025, Bengaluru. Call on for balance amount by 02.06.2025.","NOTICE","02/06/2025","1","Orders","file:///C:/Users/misha/OneDrive/Desktop/daksh/pilot_output/orders/EX_11_2024_order_1.pdf","[Order Dated: 02/06/2025] EX 11/2024 Counsel for the JDR is present. Case is again called out at 3:25 p.m. Both the counsel are present. Counsel for JDR is present and files a memo along with DD.No.692652 dated 02/06/2025 for Rs.4,00,000/- drawn on IDFC First Bank, Bengaluru. The same is handed over to the DHR herein in the Open Court. Both the counsel also files memo. In view of the memo filed, Execution Petition is closed as fully satisfied. III-Addl.City Civil & SJ, Bengaluru","Execution Petition taken up for hearing on execution warrant / steps.","EX 11/2024 Counsel for the JDR is present. Case is again called out at 3:25 p.m. Both the counsel are present. Counsel for JDR is present and files a memo along with DD.No.692652 dated 02/06/2025 for Rs.4,00,000/- drawn on IDFC First Bank, Bengaluru. The same is handed over to the DHR herein in the Open Court. Both the counsel also files memo. In view of the memo filed, Execution Petition is closed as fully satisfied. III-Addl.City Civil & SJ, Bengaluru","None","PKABC010001202024_1_1","Precept [Sec. 46]","03/01/2024","3","1030135","28/09/2026 16:30"
"EX/11/2024","EX - Execution Petition Under Order","KABC010001202024","SRINIVASAIAH SETTY vs JAVERIA","24/2024","02/01/2024","11/2024","03/01/2024","O.S./0000010/2017","KABC010000292017","7285","03/01/2024","02/06/2025","Case disposedSub Stage","Uncontested--DISPOSED OTHERWISE","517","1","PRL. CITY CIVIL AND SESSIONS JUDGE","4-CCH25 III ADDL. CITY CIVIL AND SESSIONS JUDGE","City Civil Court Complex, Bangalore","Karnataka","BENGALURU","SRINIVASAIAH SETTY","DAKAPPA K. T.","JAVERIA","U/O 21 RULE 11 OF CPC","3","24/04/2025","25/04/2025","CCH25 III ADDL. CITY CIVIL AND SESSIONS JUDGE","A.D.R.","Both the counsel present and prays time for reporting settlement by 25.04.2025.","A.D.R.","25/04/2025","1","Orders","file:///C:/Users/misha/OneDrive/Desktop/daksh/pilot_output/orders/EX_11_2024_order_1.pdf","[Order Dated: 02/06/2025] EX 11/2024 Counsel for the JDR is present. Case is again called out at 3:25 p.m. Both the counsel are present. Counsel for JDR is present and files a memo along with DD.No.692652 dated 02/06/2025 for Rs.4,00,000/- drawn on IDFC First Bank, Bengaluru. The same is handed over to the DHR herein in the Open Court. Both the counsel also files memo. In view of the memo filed, Execution Petition is closed as fully satisfied. III-Addl.City Civil & SJ, Bengaluru","Execution Petition taken up for hearing on execution warrant / steps.","EX 11/2024 Counsel for the JDR is present. Case is again called out at 3:25 p.m. Both the counsel are present. Counsel for JDR is present and files a memo along with DD.No.692652 dated 02/06/2025 for Rs.4,00,000/- drawn on IDFC First Bank, Bengaluru. The same is handed over to the DHR herein in the Open Court. Both the counsel also files memo. In view of the memo filed, Execution Petition is closed as fully satisfied. III-Addl.City Civil & SJ, Bengaluru","None","PKABC010001202024_1_1","Precept [Sec. 46]","03/01/2024","3","1030135","28/09/2026 16:30"
"EX/11/2024","EX - Execution Petition Under Order","KABC010001202024","SRINIVASAIAH SETTY vs JAVERIA","24/2024","02/01/2024","11/2024","03/01/2024","O.S./0000010/2017","KABC010000292017","7285","03/01/2024","02/06/2025","Case disposedSub Stage","Uncontested--DISPOSED OTHERWISE","517","1","PRL. CITY CIVIL AND SESSIONS JUDGE","4-CCH25 III ADDL. CITY CIVIL AND SESSIONS JUDGE","City Civil Court Complex, Bangalore","Karnataka","BENGALURU","SRINIVASAIAH SETTY","DAKAPPA K. T.","JAVERIA","U/O 21 RULE 11 OF CPC","4","27/03/2025","24/04/2025","CCH25 III ADDL. CITY CIVIL AND SESSIONS JUDGE","HEARING","Learned counsel for JDR present. Learned counsel for DHR present and prays time to hear on IA.No. 1 by 24.04.2025.","HEARING","24/04/2025","1","Orders","file:///C:/Users/misha/OneDrive/Desktop/daksh/pilot_output/orders/EX_11_2024_order_1.pdf","[Order Dated: 02/06/2025] EX 11/2024 Counsel for the JDR is present. Case is again called out at 3:25 p.m. Both the counsel are present. Counsel for JDR is present and files a memo along with DD.No.692652 dated 02/06/2025 for Rs.4,00,000/- drawn on IDFC First Bank, Bengaluru. The same is handed over to the DHR herein in the Open Court. Both the counsel also files memo. In view of the memo filed, Execution Petition is closed as fully satisfied. III-Addl.City Civil & SJ, Bengaluru","Execution Petition taken up for hearing on execution warrant / steps.","EX 11/2024 Counsel for the JDR is present. Case is again called out at 3:25 p.m. Both the counsel are present. Counsel for JDR is present and files a memo along with DD.No.692652 dated 02/06/2025 for Rs.4,00,000/- drawn on IDFC First Bank, Bengaluru. The same is handed over to the DHR herein in the Open Court. Both the counsel also files memo. In view of the memo filed, Execution Petition is closed as fully satisfied. III-Addl.City Civil & SJ, Bengaluru","None","PKABC010001202024_1_1","Precept [Sec. 46]","03/01/2024","3","1030135","28/09/2026 16:30"
"EX/11/2024","EX - Execution Petition Under Order","KABC010001202024","SRINIVASAIAH SETTY vs JAVERIA","24/2024","02/01/2024","11/2024","03/01/2024","O.S./0000010/2017","KABC010000292017","7285","03/01/2024","02/06/2025","Case disposedSub Stage","Uncontested--DISPOSED OTHERWISE","517","1","PRL. CITY CIVIL AND SESSIONS JUDGE","4-CCH25 III ADDL. CITY CIVIL AND SESSIONS JUDGE","City Civil Court Complex, Bangalore","Karnataka","BENGALURU","SRINIVASAIAH SETTY","DAKAPPA K. T.","JAVERIA","U/O 21 RULE 11 OF CPC","5","28/02/2025","27/03/2025","CCH25 III ADDL. CITY CIVIL AND SESSIONS JUDGE","HEARING","Learned counsel for the DHR present and submits that they are not ready to settlement. DHR present. Learned counsel for JDR present. To hear on IA.No. 1 by 27.03.2025.","HEARING","27/03/2025","1","Orders","file:///C:/Users/misha/OneDrive/Desktop/daksh/pilot_output/orders/EX_11_2024_order_1.pdf","[Order Dated: 02/06/2025] EX 11/2024 Counsel for the JDR is present. Case is again called out at 3:25 p.m. Both the counsel are present. Counsel for JDR is present and files a memo along with DD.No.692652 dated 02/06/2025 for Rs.4,00,000/- drawn on IDFC First Bank, Bengaluru. The same is handed over to the DHR herein in the Open Court. Both the counsel also files memo. In view of the memo filed, Execution Petition is closed as fully satisfied. III-Addl.City Civil & SJ, Bengaluru","Execution Petition taken up for hearing on execution warrant / steps.","EX 11/2024 Counsel for the JDR is present. Case is again called out at 3:25 p.m. Both the counsel are present. Counsel for JDR is present and files a memo along with DD.No.692652 dated 02/06/2025 for Rs.4,00,000/- drawn on IDFC First Bank, Bengaluru. The same is handed over to the DHR herein in the Open Court. Both the counsel also files memo. In view of the memo filed, Execution Petition is closed as fully satisfied. III-Addl.City Civil & SJ, Bengaluru","None","PKABC010001202024_1_1","Precept [Sec. 46]","03/01/2024","3","1030135","28/09/2026 16:30"
"EX/11/2024","EX - Execution Petition Under Order","KABC010001202024","SRINIVASAIAH SETTY vs JAVERIA","24/2024","02/01/2024","11/2024","03/01/2024","O.S./0000010/2017","KABC010000292017","7285","03/01/2024","02/06/2025","Case disposedSub Stage","Uncontested--DISPOSED OTHERWISE","517","1","PRL. CITY CIVIL AND SESSIONS JUDGE","4-CCH25 III ADDL. CITY CIVIL AND SESSIONS JUDGE","City Civil Court Complex, Bangalore","Karnataka","BENGALURU","SRINIVASAIAH SETTY","DAKAPPA K. T.","JAVERIA","U/O 21 RULE 11 OF CPC","6","16/01/2025","28/02/2025","CCH25 III ADDL. CITY CIVIL AND SESSIONS JUDGE","A.D.R.","Both the counsel absent. For reporting settlement by 28.02.2025.","A.D.R.","28/02/2025","1","Orders","file:///C:/Users/misha/OneDrive/Desktop/daksh/pilot_output/orders/EX_11_2024_order_1.pdf","[Order Dated: 02/06/2025] EX 11/2024 Counsel for the JDR is present. Case is again called out at 3:25 p.m. Both the counsel are present. Counsel for JDR is present and files a memo along with DD.No.692652 dated 02/06/2025 for Rs.4,00,000/- drawn on IDFC First Bank, Bengaluru. The same is handed over to the DHR herein in the Open Court. Both the counsel also files memo. In view of the memo filed, Execution Petition is closed as fully satisfied. III-Addl.City Civil & SJ, Bengaluru","Execution Petition taken up for hearing on execution warrant / steps.","EX 11/2024 Counsel for the JDR is present. Case is again called out at 3:25 p.m. Both the counsel are present. Counsel for JDR is present and files a memo along with DD.No.692652 dated 02/06/2025 for Rs.4,00,000/- drawn on IDFC First Bank, Bengaluru. The same is handed over to the DHR herein in the Open Court. Both the counsel also files memo. In view of the memo filed, Execution Petition is closed as fully satisfied. III-Addl.City Civil & SJ, Bengaluru","None","PKABC010001202024_1_1","Precept [Sec. 46]","03/01/2024","3","1030135","28/09/2026 16:30"
"EX/11/2024","EX - Execution Petition Under Order","KABC010001202024","SRINIVASAIAH SETTY vs JAVERIA","24/2024","02/01/2024","11/2024","03/01/2024","O.S./0000010/2017","KABC010000292017","7285","03/01/2024","02/06/2025","Case disposedSub Stage","Uncontested--DISPOSED OTHERWISE","517","1","PRL. CITY CIVIL AND SESSIONS JUDGE","4-CCH25 III ADDL. CITY CIVIL AND SESSIONS JUDGE","City Civil Court Complex, Bangalore","Karnataka","BENGALURU","SRINIVASAIAH SETTY","DAKAPPA K. T.","JAVERIA","U/O 21 RULE 11 OF CPC","7","13/12/2024","16/01/2025","CCH25 III ADDL. CITY CIVIL AND SESSIONS JUDGE","A.D.R.","Counsel for the DHR present and prays time for reporting settlement by 16.01.2025.","A.D.R.","16/01/2025","1","Orders","file:///C:/Users/misha/OneDrive/Desktop/daksh/pilot_output/orders/EX_11_2024_order_1.pdf","[Order Dated: 02/06/2025] EX 11/2024 Counsel for the JDR is present. Case is again called out at 3:25 p.m. Both the counsel are present. Counsel for JDR is present and files a memo along with DD.No.692652 dated 02/06/2025 for Rs.4,00,000/- drawn on IDFC First Bank, Bengaluru. The same is handed over to the DHR herein in the Open Court. Both the counsel also files memo. In view of the memo filed, Execution Petition is closed as fully satisfied. III-Addl.City Civil & SJ, Bengaluru","Execution Petition taken up for hearing on execution warrant / steps.","EX 11/2024 Counsel for the JDR is present. Case is again called out at 3:25 p.m. Both the counsel are present. Counsel for JDR is present and files a memo along with DD.No.692652 dated 02/06/2025 for Rs.4,00,000/- drawn on IDFC First Bank, Bengaluru. The same is handed over to the DHR herein in the Open Court. Both the counsel also files memo. In view of the memo filed, Execution Petition is closed as fully satisfied. III-Addl.City Civil & SJ, Bengaluru","None","PKABC010001202024_1_1","Precept [Sec. 46]","03/01/2024","3","1030135","28/09/2026 16:30"
"EX/11/2024","EX - Execution Petition Under Order","KABC010001202024","SRINIVASAIAH SETTY vs JAVERIA","24/2024","02/01/2024","11/2024","03/01/2024","O.S./0000010/2017","KABC010000292017","7285","03/01/2024","02/06/2025","Case disposedSub Stage","Uncontested--DISPOSED OTHERWISE","517","1","PRL. CITY CIVIL AND SESSIONS JUDGE","4-CCH25 III ADDL. CITY CIVIL AND SESSIONS JUDGE","City Civil Court Complex, Bangalore","Karnataka","BENGALURU","SRINIVASAIAH SETTY","DAKAPPA K. T.","JAVERIA","U/O 21 RULE 11 OF CPC","8","06/12/2024","13/12/2024","CCH25 III ADDL. CITY CIVIL AND SESSIONS JUDGE","A.D.R.","Both the counsel are present and prays time for reporting settlement by 13.12.2024.","A.D.R.","13/12/2024","1","Orders","file:///C:/Users/misha/OneDrive/Desktop/daksh/pilot_output/orders/EX_11_2024_order_1.pdf","[Order Dated: 02/06/2025] EX 11/2024 Counsel for the JDR is present. Case is again called out at 3:25 p.m. Both the counsel are present. Counsel for JDR is present and files a memo along with DD.No.692652 dated 02/06/2025 for Rs.4,00,000/- drawn on IDFC First Bank, Bengaluru. The same is handed over to the DHR herein in the Open Court. Both the counsel also files memo. In view of the memo filed, Execution Petition is closed as fully satisfied. III-Addl.City Civil & SJ, Bengaluru","Execution Petition taken up for hearing on execution warrant / steps.","EX 11/2024 Counsel for the JDR is present. Case is again called out at 3:25 p.m. Both the counsel are present. Counsel for JDR is present and files a memo along with DD.No.692652 dated 02/06/2025 for Rs.4,00,000/- drawn on IDFC First Bank, Bengaluru. The same is handed over to the DHR herein in the Open Court. Both the counsel also files memo. In view of the memo filed, Execution Petition is closed as fully satisfied. III-Addl.City Civil & SJ, Bengaluru","None","PKABC010001202024_1_1","Precept [Sec. 46]","03/01/2024","3","1030135","28/09/2026 16:30"
"EX/11/2024","EX - Execution Petition Under Order","KABC010001202024","SRINIVASAIAH SETTY vs JAVERIA","24/2024","02/01/2024","11/2024","03/01/2024","O.S./0000010/2017","KABC010000292017","7285","03/01/2024","02/06/2025","Case disposedSub Stage","Uncontested--DISPOSED OTHERWISE","517","1","PRL. CITY CIVIL AND SESSIONS JUDGE","4-CCH25 III ADDL. CITY CIVIL AND SESSIONS JUDGE","City Civil Court Complex, Bangalore","Karnataka","BENGALURU","SRINIVASAIAH SETTY","DAKAPPA K. T.","JAVERIA","U/O 21 RULE 11 OF CPC","9","21/11/2024","06/12/2024","CCH25 III ADDL. CITY CIVIL AND SESSIONS JUDGE","HEARING","Counsel for DHR present and prays time to reporting settlement by 06.12.2024","HEARING","06/12/2024","1","Orders","file:///C:/Users/misha/OneDrive/Desktop/daksh/pilot_output/orders/EX_11_2024_order_1.pdf","[Order Dated: 02/06/2025] EX 11/2024 Counsel for the JDR is present. Case is again called out at 3:25 p.m. Both the counsel are present. Counsel for JDR is present and files a memo along with DD.No.692652 dated 02/06/2025 for Rs.4,00,000/- drawn on IDFC First Bank, Bengaluru. The same is handed over to the DHR herein in the Open Court. Both the counsel also files memo. In view of the memo filed, Execution Petition is closed as fully satisfied. III-Addl.City Civil & SJ, Bengaluru","Execution Petition taken up for hearing on execution warrant / steps.","EX 11/2024 Counsel for the JDR is present. Case is again called out at 3:25 p.m. Both the counsel are present. Counsel for JDR is present and files a memo along with DD.No.692652 dated 02/06/2025 for Rs.4,00,000/- drawn on IDFC First Bank, Bengaluru. The same is handed over to the DHR herein in the Open Court. Both the counsel also files memo. In view of the memo filed, Execution Petition is closed as fully satisfied. III-Addl.City Civil & SJ, Bengaluru","None","PKABC010001202024_1_1","Precept [Sec. 46]","03/01/2024","3","1030135","28/09/2026 16:30"
"EX/11/2024","EX - Execution Petition Under Order","KABC010001202024","SRINIVASAIAH SETTY vs JAVERIA","24/2024","02/01/2024","11/2024","03/01/2024","O.S./0000010/2017","KABC010000292017","7285","03/01/2024","02/06/2025","Case disposedSub Stage","Uncontested--DISPOSED OTHERWISE","517","1","PRL. CITY CIVIL AND SESSIONS JUDGE","4-CCH25 III ADDL. CITY CIVIL AND SESSIONS JUDGE","City Civil Court Complex, Bangalore","Karnataka","BENGALURU","SRINIVASAIAH SETTY","DAKAPPA K. T.","JAVERIA","U/O 21 RULE 11 OF CPC","10","22/10/2024","21/11/2024","CCH25 III ADDL. CITY CIVIL AND SESSIONS JUDGE","HEARING","Both the counsel are present and prays time to report settlement by 21.11.2024.","HEARING","21/11/2024","1","Orders","file:///C:/Users/misha/OneDrive/Desktop/daksh/pilot_output/orders/EX_11_2024_order_1.pdf","[Order Dated: 02/06/2025] EX 11/2024 Counsel for the JDR is present. Case is again called out at 3:25 p.m. Both the counsel are present. Counsel for JDR is present and files a memo along with DD.No.692652 dated 02/06/2025 for Rs.4,00,000/- drawn on IDFC First Bank, Bengaluru. The same is handed over to the DHR herein in the Open Court. Both the counsel also files memo. In view of the memo filed, Execution Petition is closed as fully satisfied. III-Addl.City Civil & SJ, Bengaluru","Execution Petition taken up for hearing on execution warrant / steps.","EX 11/2024 Counsel for the JDR is present. Case is again called out at 3:25 p.m. Both the counsel are present. Counsel for JDR is present and files a memo along with DD.No.692652 dated 02/06/2025 for Rs.4,00,000/- drawn on IDFC First Bank, Bengaluru. The same is handed over to the DHR herein in the Open Court. Both the counsel also files memo. In view of the memo filed, Execution Petition is closed as fully satisfied. III-Addl.City Civil & SJ, Bengaluru","None","PKABC010001202024_1_1","Precept [Sec. 46]","03/01/2024","3","1030135","28/09/2026 16:30"
"EX/11/2024","EX - Execution Petition Under Order","KABC010001202024","SRINIVASAIAH SETTY vs JAVERIA","24/2024","02/01/2024","11/2024","03/01/2024","O.S./0000010/2017","KABC010000292017","7285","03/01/2024","02/06/2025","Case disposedSub Stage","Uncontested--DISPOSED OTHERWISE","517","1","PRL. CITY CIVIL AND SESSIONS JUDGE","4-CCH25 III ADDL. CITY CIVIL AND SESSIONS JUDGE","City Civil Court Complex, Bangalore","Karnataka","BENGALURU","SRINIVASAIAH SETTY","DAKAPPA K. T.","JAVERIA","U/O 21 RULE 11 OF CPC","11","12/09/2024","22/10/2024","CCH25 III ADDL. CITY CIVIL AND SESSIONS JUDGE","HEARING","Both the counsel are present and submits there is an settlement hence, for reporting settlement by 22.10.2024.","HEARING","22/10/2024","1","Orders","file:///C:/Users/misha/OneDrive/Desktop/daksh/pilot_output/orders/EX_11_2024_order_1.pdf","[Order Dated: 02/06/2025] EX 11/2024 Counsel for the JDR is present. Case is again called out at 3:25 p.m. Both the counsel are present. Counsel for JDR is present and files a memo along with DD.No.692652 dated 02/06/2025 for Rs.4,00,000/- drawn on IDFC First Bank, Bengaluru. The same is handed over to the DHR herein in the Open Court. Both the counsel also files memo. In view of the memo filed, Execution Petition is closed as fully satisfied. III-Addl.City Civil & SJ, Bengaluru","Execution Petition taken up for hearing on execution warrant / steps.","EX 11/2024 Counsel for the JDR is present. Case is again called out at 3:25 p.m. Both the counsel are present. Counsel for JDR is present and files a memo along with DD.No.692652 dated 02/06/2025 for Rs.4,00,000/- drawn on IDFC First Bank, Bengaluru. The same is handed over to the DHR herein in the Open Court. Both the counsel also files memo. In view of the memo filed, Execution Petition is closed as fully satisfied. III-Addl.City Civil & SJ, Bengaluru","None","PKABC010001202024_1_1","Precept [Sec. 46]","03/01/2024","3","1030135","28/09/2026 16:30"
"EX/11/2024","EX - Execution Petition Under Order","KABC010001202024","SRINIVASAIAH SETTY vs JAVERIA","24/2024","02/01/2024","11/2024","03/01/2024","O.S./0000010/2017","KABC010000292017","7285","03/01/2024","02/06/2025","Case disposedSub Stage","Uncontested--DISPOSED OTHERWISE","517","1","PRL. CITY CIVIL AND SESSIONS JUDGE","4-CCH25 III ADDL. CITY CIVIL AND SESSIONS JUDGE","City Civil Court Complex, Bangalore","Karnataka","BENGALURU","SRINIVASAIAH SETTY","DAKAPPA K. T.","JAVERIA","U/O 21 RULE 11 OF CPC","12","24/08/2024","12/09/2024","CCH25 III ADDL. CITY CIVIL AND SESSIONS JUDGE","HEARING","Counsel for DHR present. Counsel for Jdr present and prays time. To hear on IA No. 1 by 12.09.2024.","HEARING","12/09/2024","1","Orders","file:///C:/Users/misha/OneDrive/Desktop/daksh/pilot_output/orders/EX_11_2024_order_1.pdf","[Order Dated: 02/06/2025] EX 11/2024 Counsel for the JDR is present. Case is again called out at 3:25 p.m. Both the counsel are present. Counsel for JDR is present and files a memo along with DD.No.692652 dated 02/06/2025 for Rs.4,00,000/- drawn on IDFC First Bank, Bengaluru. The same is handed over to the DHR herein in the Open Court. Both the counsel also files memo. In view of the memo filed, Execution Petition is closed as fully satisfied. III-Addl.City Civil & SJ, Bengaluru","Execution Petition taken up for hearing on execution warrant / steps.","EX 11/2024 Counsel for the JDR is present. Case is again called out at 3:25 p.m. Both the counsel are present. Counsel for JDR is present and files a memo along with DD.No.692652 dated 02/06/2025 for Rs.4,00,000/- drawn on IDFC First Bank, Bengaluru. The same is handed over to the DHR herein in the Open Court. Both the counsel also files memo. In view of the memo filed, Execution Petition is closed as fully satisfied. III-Addl.City Civil & SJ, Bengaluru","None","PKABC010001202024_1_1","Precept [Sec. 46]","03/01/2024","3","1030135","28/09/2026 16:30"
"EX/11/2024","EX - Execution Petition Under Order","KABC010001202024","SRINIVASAIAH SETTY vs JAVERIA","24/2024","02/01/2024","11/2024","03/01/2024","O.S./0000010/2017","KABC010000292017","7285","03/01/2024","02/06/2025","Case disposedSub Stage","Uncontested--DISPOSED OTHERWISE","517","1","PRL. CITY CIVIL AND SESSIONS JUDGE","4-CCH25 III ADDL. CITY CIVIL AND SESSIONS JUDGE","City Civil Court Complex, Bangalore","Karnataka","BENGALURU","SRINIVASAIAH SETTY","DAKAPPA K. T.","JAVERIA","U/O 21 RULE 11 OF CPC","13","13/08/2024","24/08/2024","CCH25 III ADDL. CITY CIVIL AND SESSIONS JUDGE","HEARING","Both the counsel present. To hear on IA No. 1 finally by 24.08.2024.","HEARING","24/08/2024","1","Orders","file:///C:/Users/misha/OneDrive/Desktop/daksh/pilot_output/orders/EX_11_2024_order_1.pdf","[Order Dated: 02/06/2025] EX 11/2024 Counsel for the JDR is present. Case is again called out at 3:25 p.m. Both the counsel are present. Counsel for JDR is present and files a memo along with DD.No.692652 dated 02/06/2025 for Rs.4,00,000/- drawn on IDFC First Bank, Bengaluru. The same is handed over to the DHR herein in the Open Court. Both the counsel also files memo. In view of the memo filed, Execution Petition is closed as fully satisfied. III-Addl.City Civil & SJ, Bengaluru","Execution Petition taken up for hearing on execution warrant / steps.","EX 11/2024 Counsel for the JDR is present. Case is again called out at 3:25 p.m. Both the counsel are present. Counsel for JDR is present and files a memo along with DD.No.692652 dated 02/06/2025 for Rs.4,00,000/- drawn on IDFC First Bank, Bengaluru. The same is handed over to the DHR herein in the Open Court. Both the counsel also files memo. In view of the memo filed, Execution Petition is closed as fully satisfied. III-Addl.City Civil & SJ, Bengaluru","None","PKABC010001202024_1_1","Precept [Sec. 46]","03/01/2024","3","1030135","28/09/2026 16:30"
"EX/11/2024","EX - Execution Petition Under Order","KABC010001202024","SRINIVASAIAH SETTY vs JAVERIA","24/2024","02/01/2024","11/2024","03/01/2024","O.S./0000010/2017","KABC010000292017","7285","03/01/2024","02/06/2025","Case disposedSub Stage","Uncontested--DISPOSED OTHERWISE","517","1","PRL. CITY CIVIL AND SESSIONS JUDGE","4-CCH25 III ADDL. CITY CIVIL AND SESSIONS JUDGE","City Civil Court Complex, Bangalore","Karnataka","BENGALURU","SRINIVASAIAH SETTY","DAKAPPA K. T.","JAVERIA","U/O 21 RULE 11 OF CPC","14","22/07/2024","13/08/2024","CCH25 III ADDL. CITY CIVIL AND SESSIONS JUDGE","HEARING","Counsel for DHR present, DHR present. Counsel for Jdr present files verifying affidavit along with document. Case again called out at 3.30 P.M. Heard on IA No. 1 by DHR counsel. To hear on IA No. 1 by JDR counsel. Call on 13.08.2024.","HEARING","13/08/2024","1","Orders","file:///C:/Users/misha/OneDrive/Desktop/daksh/pilot_output/orders/EX_11_2024_order_1.pdf","[Order Dated: 02/06/2025] EX 11/2024 Counsel for the JDR is present. Case is again called out at 3:25 p.m. Both the counsel are present. Counsel for JDR is present and files a memo along with DD.No.692652 dated 02/06/2025 for Rs.4,00,000/- drawn on IDFC First Bank, Bengaluru. The same is handed over to the DHR herein in the Open Court. Both the counsel also files memo. In view of the memo filed, Execution Petition is closed as fully satisfied. III-Addl.City Civil & SJ, Bengaluru","Execution Petition taken up for hearing on execution warrant / steps.","EX 11/2024 Counsel for the JDR is present. Case is again called out at 3:25 p.m. Both the counsel are present. Counsel for JDR is present and files a memo along with DD.No.692652 dated 02/06/2025 for Rs.4,00,000/- drawn on IDFC First Bank, Bengaluru. The same is handed over to the DHR herein in the Open Court. Both the counsel also files memo. In view of the memo filed, Execution Petition is closed as fully satisfied. III-Addl.City Civil & SJ, Bengaluru","None","PKABC010001202024_1_1","Precept [Sec. 46]","03/01/2024","3","1030135","28/09/2026 16:30"
"EX/11/2024","EX - Execution Petition Under Order","KABC010001202024","SRINIVASAIAH SETTY vs JAVERIA","24/2024","02/01/2024","11/2024","03/01/2024","O.S./0000010/2017","KABC010000292017","7285","03/01/2024","02/06/2025","Case disposedSub Stage","Uncontested--DISPOSED OTHERWISE","517","1","PRL. CITY CIVIL AND SESSIONS JUDGE","4-CCH25 III ADDL. CITY CIVIL AND SESSIONS JUDGE","City Civil Court Complex, Bangalore","Karnataka","BENGALURU","SRINIVASAIAH SETTY","DAKAPPA K. T.","JAVERIA","U/O 21 RULE 11 OF CPC","15","29/06/2024","22/07/2024","CCH25 III ADDL. CITY CIVIL AND SESSIONS JUDGE","HEARING","Counsel for DHR present . DHR present. Counsel for JDR absent. Case again called out at 1.45 P.M. Counsel for DHR present . DHR present. Counsel for Jdr present and submits Jdr is willing to register another property and the RTC of the same is produced by JDR counsel. Copy of RTC furnished to other side. Prays time to file affidavit and also other document with respect to that property. Call on 22.07.2024.","HEARING","22/07/2024","1","Orders","file:///C:/Users/misha/OneDrive/Desktop/daksh/pilot_output/orders/EX_11_2024_order_1.pdf","[Order Dated: 02/06/2025] EX 11/2024 Counsel for the JDR is present. Case is again called out at 3:25 p.m. Both the counsel are present. Counsel for JDR is present and files a memo along with DD.No.692652 dated 02/06/2025 for Rs.4,00,000/- drawn on IDFC First Bank, Bengaluru. The same is handed over to the DHR herein in the Open Court. Both the counsel also files memo. In view of the memo filed, Execution Petition is closed as fully satisfied. III-Addl.City Civil & SJ, Bengaluru","Execution Petition taken up for hearing on execution warrant / steps.","EX 11/2024 Counsel for the JDR is present. Case is again called out at 3:25 p.m. Both the counsel are present. Counsel for JDR is present and files a memo along with DD.No.692652 dated 02/06/2025 for Rs.4,00,000/- drawn on IDFC First Bank, Bengaluru. The same is handed over to the DHR herein in the Open Court. Both the counsel also files memo. In view of the memo filed, Execution Petition is closed as fully satisfied. III-Addl.City Civil & SJ, Bengaluru","None","PKABC010001202024_1_1","Precept [Sec. 46]","03/01/2024","3","1030135","28/09/2026 16:30"
"EX/11/2024","EX - Execution Petition Under Order","KABC010001202024","SRINIVASAIAH SETTY vs JAVERIA","24/2024","02/01/2024","11/2024","03/01/2024","O.S./0000010/2017","KABC010000292017","7285","03/01/2024","02/06/2025","Case disposedSub Stage","Uncontested--DISPOSED OTHERWISE","517","1","PRL. CITY CIVIL AND SESSIONS JUDGE","4-CCH25 III ADDL. CITY CIVIL AND SESSIONS JUDGE","City Civil Court Complex, Bangalore","Karnataka","BENGALURU","SRINIVASAIAH SETTY","DAKAPPA K. T.","JAVERIA","U/O 21 RULE 11 OF CPC","16","14/06/2024","29/06/2024","CCH25 III ADDL. CITY CIVIL AND SESSIONS JUDGE","HEARING","Counsel for DHR present. Counsel for Jdr present and prays time . To hear on IA No. 1 by 29.06.2024.","HEARING","29/06/2024","1","Orders","file:///C:/Users/misha/OneDrive/Desktop/daksh/pilot_output/orders/EX_11_2024_order_1.pdf","[Order Dated: 02/06/2025] EX 11/2024 Counsel for the JDR is present. Case is again called out at 3:25 p.m. Both the counsel are present. Counsel for JDR is present and files a memo along with DD.No.692652 dated 02/06/2025 for Rs.4,00,000/- drawn on IDFC First Bank, Bengaluru. The same is handed over to the DHR herein in the Open Court. Both the counsel also files memo. In view of the memo filed, Execution Petition is closed as fully satisfied. III-Addl.City Civil & SJ, Bengaluru","Execution Petition taken up for hearing on execution warrant / steps.","EX 11/2024 Counsel for the JDR is present. Case is again called out at 3:25 p.m. Both the counsel are present. Counsel for JDR is present and files a memo along with DD.No.692652 dated 02/06/2025 for Rs.4,00,000/- drawn on IDFC First Bank, Bengaluru. The same is handed over to the DHR herein in the Open Court. Both the counsel also files memo. In view of the memo filed, Execution Petition is closed as fully satisfied. III-Addl.City Civil & SJ, Bengaluru","None","PKABC010001202024_1_1","Precept [Sec. 46]","03/01/2024","3","1030135","28/09/2026 16:30"
"EX/11/2024","EX - Execution Petition Under Order","KABC010001202024","SRINIVASAIAH SETTY vs JAVERIA","24/2024","02/01/2024","11/2024","03/01/2024","O.S./0000010/2017","KABC010000292017","7285","03/01/2024","02/06/2025","Case disposedSub Stage","Uncontested--DISPOSED OTHERWISE","517","1","PRL. CITY CIVIL AND SESSIONS JUDGE","4-CCH25 III ADDL. CITY CIVIL AND SESSIONS JUDGE","City Civil Court Complex, Bangalore","Karnataka","BENGALURU","SRINIVASAIAH SETTY","DAKAPPA K. T.","JAVERIA","U/O 21 RULE 11 OF CPC","17","01/06/2024","14/06/2024","CCH25 III ADDL. CITY CIVIL AND SESSIONS JUDGE","HEARING","P.O. is on Training. Call on 14.06.2024.","HEARING","14/06/2024","1","Orders","file:///C:/Users/misha/OneDrive/Desktop/daksh/pilot_output/orders/EX_11_2024_order_1.pdf","[Order Dated: 02/06/2025] EX 11/2024 Counsel for the JDR is present. Case is again called out at 3:25 p.m. Both the counsel are present. Counsel for JDR is present and files a memo along with DD.No.692652 dated 02/06/2025 for Rs.4,00,000/- drawn on IDFC First Bank, Bengaluru. The same is handed over to the DHR herein in the Open Court. Both the counsel also files memo. In view of the memo filed, Execution Petition is closed as fully satisfied. III-Addl.City Civil & SJ, Bengaluru","Execution Petition taken up for hearing on execution warrant / steps.","EX 11/2024 Counsel for the JDR is present. Case is again called out at 3:25 p.m. Both the counsel are present. Counsel for JDR is present and files a memo along with DD.No.692652 dated 02/06/2025 for Rs.4,00,000/- drawn on IDFC First Bank, Bengaluru. The same is handed over to the DHR herein in the Open Court. Both the counsel also files memo. In view of the memo filed, Execution Petition is closed as fully satisfied. III-Addl.City Civil & SJ, Bengaluru","None","PKABC010001202024_1_1","Precept [Sec. 46]","03/01/2024","3","1030135","28/09/2026 16:30"
"EX/11/2024","EX - Execution Petition Under Order","KABC010001202024","SRINIVASAIAH SETTY vs JAVERIA","24/2024","02/01/2024","11/2024","03/01/2024","O.S./0000010/2017","KABC010000292017","7285","03/01/2024","02/06/2025","Case disposedSub Stage","Uncontested--DISPOSED OTHERWISE","517","1","PRL. CITY CIVIL AND SESSIONS JUDGE","4-CCH25 III ADDL. CITY CIVIL AND SESSIONS JUDGE","City Civil Court Complex, Bangalore","Karnataka","BENGALURU","SRINIVASAIAH SETTY","DAKAPPA K. T.","JAVERIA","U/O 21 RULE 11 OF CPC","18","27/04/2024","01/06/2024","CCH25 III ADDL. CITY CIVIL AND SESSIONS JUDGE","HEARING","Counsel for DHR present. Counsel for JDR present. Case again called out at 1.00 PM. Counsel for DHR present. Counsel for Jdr absent. Counsel for DHR present heard arguments on IA No. 1. Case again called out at 3.15 PM. Counsel for JDR present files objections . Copy furnished to court as DHR counsel absent. Prays time to hear on IA No. 1 by 01.06.2024.","HEARING","01/06/2024","1","Orders","file:///C:/Users/misha/OneDrive/Desktop/daksh/pilot_output/orders/EX_11_2024_order_1.pdf","[Order Dated: 02/06/2025] EX 11/2024 Counsel for the JDR is present. Case is again called out at 3:25 p.m. Both the counsel are present. Counsel for JDR is present and files a memo along with DD.No.692652 dated 02/06/2025 for Rs.4,00,000/- drawn on IDFC First Bank, Bengaluru. The same is handed over to the DHR herein in the Open Court. Both the counsel also files memo. In view of the memo filed, Execution Petition is closed as fully satisfied. III-Addl.City Civil & SJ, Bengaluru","Execution Petition taken up for hearing on execution warrant / steps.","EX 11/2024 Counsel for the JDR is present. Case is again called out at 3:25 p.m. Both the counsel are present. Counsel for JDR is present and files a memo along with DD.No.692652 dated 02/06/2025 for Rs.4,00,000/- drawn on IDFC First Bank, Bengaluru. The same is handed over to the DHR herein in the Open Court. Both the counsel also files memo. In view of the memo filed, Execution Petition is closed as fully satisfied. III-Addl.City Civil & SJ, Bengaluru","None","PKABC010001202024_1_1","Precept [Sec. 46]","03/01/2024","3","1030135","28/09/2026 16:30"
"EX/11/2024","EX - Execution Petition Under Order","KABC010001202024","SRINIVASAIAH SETTY vs JAVERIA","24/2024","02/01/2024","11/2024","03/01/2024","O.S./0000010/2017","KABC010000292017","7285","03/01/2024","02/06/2025","Case disposedSub Stage","Uncontested--DISPOSED OTHERWISE","517","1","PRL. CITY CIVIL AND SESSIONS JUDGE","4-CCH25 III ADDL. CITY CIVIL AND SESSIONS JUDGE","City Civil Court Complex, Bangalore","Karnataka","BENGALURU","SRINIVASAIAH SETTY","DAKAPPA K. T.","JAVERIA","U/O 21 RULE 11 OF CPC","19","26/04/2024","27/04/2024","CCH25 III ADDL. CITY CIVIL AND SESSIONS JUDGE","SUMMONS","26th April 2024 is declared as General Holiday to the High Court of Karnataka, Bengaluru, on account of General Lok Sabha Elections - 2024 .","SUMMONS","27/04/2024","1","Orders","file:///C:/Users/misha/OneDrive/Desktop/daksh/pilot_output/orders/EX_11_2024_order_1.pdf","[Order Dated: 02/06/2025] EX 11/2024 Counsel for the JDR is present. Case is again called out at 3:25 p.m. Both the counsel are present. Counsel for JDR is present and files a memo along with DD.No.692652 dated 02/06/2025 for Rs.4,00,000/- drawn on IDFC First Bank, Bengaluru. The same is handed over to the DHR herein in the Open Court. Both the counsel also files memo. In view of the memo filed, Execution Petition is closed as fully satisfied. III-Addl.City Civil & SJ, Bengaluru","Execution Petition taken up for hearing on execution warrant / steps.","EX 11/2024 Counsel for the JDR is present. Case is again called out at 3:25 p.m. Both the counsel are present. Counsel for JDR is present and files a memo along with DD.No.692652 dated 02/06/2025 for Rs.4,00,000/- drawn on IDFC First Bank, Bengaluru. The same is handed over to the DHR herein in the Open Court. Both the counsel also files memo. In view of the memo filed, Execution Petition is closed as fully satisfied. III-Addl.City Civil & SJ, Bengaluru","None","PKABC010001202024_1_1","Precept [Sec. 46]","03/01/2024","3","1030135","28/09/2026 16:30"
"EX/11/2024","EX - Execution Petition Under Order","KABC010001202024","SRINIVASAIAH SETTY vs JAVERIA","24/2024","02/01/2024","11/2024","03/01/2024","O.S./0000010/2017","KABC010000292017","7285","03/01/2024","02/06/2025","Case disposedSub Stage","Uncontested--DISPOSED OTHERWISE","517","1","PRL. CITY CIVIL AND SESSIONS JUDGE","4-CCH25 III ADDL. CITY CIVIL AND SESSIONS JUDGE","City Civil Court Complex, Bangalore","Karnataka","BENGALURU","SRINIVASAIAH SETTY","DAKAPPA K. T.","JAVERIA","U/O 21 RULE 11 OF CPC","20","26/03/2024","26/04/2024","CCH25 III ADDL. CITY CIVIL AND SESSIONS JUDGE","SUMMONS","Both the counsel present. Counsel for JDR present prays time. For objections by 26.04.2024.","SUMMONS","26/04/2024","1","Orders","file:///C:/Users/misha/OneDrive/Desktop/daksh/pilot_output/orders/EX_11_2024_order_1.pdf","[Order Dated: 02/06/2025] EX 11/2024 Counsel for the JDR is present. Case is again called out at 3:25 p.m. Both the counsel are present. Counsel for JDR is present and files a memo along with DD.No.692652 dated 02/06/2025 for Rs.4,00,000/- drawn on IDFC First Bank, Bengaluru. The same is handed over to the DHR herein in the Open Court. Both the counsel also files memo. In view of the memo filed, Execution Petition is closed as fully satisfied. III-Addl.City Civil & SJ, Bengaluru","Execution Petition taken up for hearing on execution warrant / steps.","EX 11/2024 Counsel for the JDR is present. Case is again called out at 3:25 p.m. Both the counsel are present. Counsel for JDR is present and files a memo along with DD.No.692652 dated 02/06/2025 for Rs.4,00,000/- drawn on IDFC First Bank, Bengaluru. The same is handed over to the DHR herein in the Open Court. Both the counsel also files memo. In view of the memo filed, Execution Petition is closed as fully satisfied. III-Addl.City Civil & SJ, Bengaluru","None","PKABC010001202024_1_1","Precept [Sec. 46]","03/01/2024","3","1030135","28/09/2026 16:30"
"EX/11/2024","EX - Execution Petition Under Order","KABC010001202024","SRINIVASAIAH SETTY vs JAVERIA","24/2024","02/01/2024","11/2024","03/01/2024","O.S./0000010/2017","KABC010000292017","7285","03/01/2024","02/06/2025","Case disposedSub Stage","Uncontested--DISPOSED OTHERWISE","517","1","PRL. CITY CIVIL AND SESSIONS JUDGE","4-CCH25 III ADDL. CITY CIVIL AND SESSIONS JUDGE","City Civil Court Complex, Bangalore","Karnataka","BENGALURU","SRINIVASAIAH SETTY","DAKAPPA K. T.","JAVERIA","U/O 21 RULE 11 OF CPC","21","23/02/2024","26/03/2024","CCH25 III ADDL. CITY CIVIL AND SESSIONS JUDGE","SUMMONS","Sri. PD files power for JDR. Counsel for DHR present. For objections by","SUMMONS","26/03/2024","1","Orders","file:///C:/Users/misha/OneDrive/Desktop/daksh/pilot_output/orders/EX_11_2024_order_1.pdf","[Order Dated: 02/06/2025] EX 11/2024 Counsel for the JDR is present. Case is again called out at 3:25 p.m. Both the counsel are present. Counsel for JDR is present and files a memo along with DD.No.692652 dated 02/06/2025 for Rs.4,00,000/- drawn on IDFC First Bank, Bengaluru. The same is handed over to the DHR herein in the Open Court. Both the counsel also files memo. In view of the memo filed, Execution Petition is closed as fully satisfied. III-Addl.City Civil & SJ, Bengaluru","Execution Petition taken up for hearing on execution warrant / steps.","EX 11/2024 Counsel for the JDR is present. Case is again called out at 3:25 p.m. Both the counsel are present. Counsel for JDR is present and files a memo along with DD.No.692652 dated 02/06/2025 for Rs.4,00,000/- drawn on IDFC First Bank, Bengaluru. The same is handed over to the DHR herein in the Open Court. Both the counsel also files memo. In view of the memo filed, Execution Petition is closed as fully satisfied. III-Addl.City Civil & SJ, Bengaluru","None","PKABC010001202024_1_1","Precept [Sec. 46]","03/01/2024","3","1030135","28/09/2026 16:30"
"EX/11/2024","EX - Execution Petition Under Order","KABC010001202024","SRINIVASAIAH SETTY vs JAVERIA","24/2024","02/01/2024","11/2024","03/01/2024","O.S./0000010/2017","KABC010000292017","7285","03/01/2024","02/06/2025","Case disposedSub Stage","Uncontested--DISPOSED OTHERWISE","517","1","PRL. CITY CIVIL AND SESSIONS JUDGE","4-CCH25 III ADDL. CITY CIVIL AND SESSIONS JUDGE","City Civil Court Complex, Bangalore","Karnataka","BENGALURU","SRINIVASAIAH SETTY","DAKAPPA K. T.","JAVERIA","U/O 21 RULE 11 OF CPC","22","07/02/2024","23/02/2024","CCH25 III ADDL. CITY CIVIL AND SESSIONS JUDGE","NOTICE","Counsel for DHR present files memo in compliance of office objections. JDR present prays time for engaging counsel. Call on","NOTICE","23/02/2024","1","Orders","file:///C:/Users/misha/OneDrive/Desktop/daksh/pilot_output/orders/EX_11_2024_order_1.pdf","[Order Dated: 02/06/2025] EX 11/2024 Counsel for the JDR is present. Case is again called out at 3:25 p.m. Both the counsel are present. Counsel for JDR is present and files a memo along with DD.No.692652 dated 02/06/2025 for Rs.4,00,000/- drawn on IDFC First Bank, Bengaluru. The same is handed over to the DHR herein in the Open Court. Both the counsel also files memo. In view of the memo filed, Execution Petition is closed as fully satisfied. III-Addl.City Civil & SJ, Bengaluru","Execution Petition taken up for hearing on execution warrant / steps.","EX 11/2024 Counsel for the JDR is present. Case is again called out at 3:25 p.m. Both the counsel are present. Counsel for JDR is present and files a memo along with DD.No.692652 dated 02/06/2025 for Rs.4,00,000/- drawn on IDFC First Bank, Bengaluru. The same is handed over to the DHR herein in the Open Court. Both the counsel also files memo. In view of the memo filed, Execution Petition is closed as fully satisfied. III-Addl.City Civil & SJ, Bengaluru","None","PKABC010001202024_1_1","Precept [Sec. 46]","03/01/2024","3","1030135","28/09/2026 16:30"
"EX/11/2024","EX - Execution Petition Under Order","KABC010001202024","SRINIVASAIAH SETTY vs JAVERIA","24/2024","02/01/2024","11/2024","03/01/2024","O.S./0000010/2017","KABC010000292017","7285","03/01/2024","02/06/2025","Case disposedSub Stage","Uncontested--DISPOSED OTHERWISE","517","1","PRL. CITY CIVIL AND SESSIONS JUDGE","4-CCH25 III ADDL. CITY CIVIL AND SESSIONS JUDGE","City Civil Court Complex, Bangalore","Karnataka","BENGALURU","SRINIVASAIAH SETTY","DAKAPPA K. T.","JAVERIA","U/O 21 RULE 11 OF CPC","23","03/01/2024","07/02/2024","CCH25 III ADDL. CITY CIVIL AND SESSIONS JUDGE","NOTICE","Counsel for DHR present. On perusal of the document the 3rd installment date of the compromise petition is on 28.03.2024. But the counsel for DHR submits that the JDR not complied the terms and conditions of the Compromise Petition and not paid first 2nd installments as admitted by them in the Compromise Petition. Hence issue C/Notice to the JDR by 07.02.2024.","NOTICE","07/02/2024","1","Orders","file:///C:/Users/misha/OneDrive/Desktop/daksh/pilot_output/orders/EX_11_2024_order_1.pdf","[Order Dated: 02/06/2025] EX 11/2024 Counsel for the JDR is present. Case is again called out at 3:25 p.m. Both the counsel are present. Counsel for JDR is present and files a memo along with DD.No.692652 dated 02/06/2025 for Rs.4,00,000/- drawn on IDFC First Bank, Bengaluru. The same is handed over to the DHR herein in the Open Court. Both the counsel also files memo. In view of the memo filed, Execution Petition is closed as fully satisfied. III-Addl.City Civil & SJ, Bengaluru","Execution Petition taken up for hearing on execution warrant / steps.","EX 11/2024 Counsel for the JDR is present. Case is again called out at 3:25 p.m. Both the counsel are present. Counsel for JDR is present and files a memo along with DD.No.692652 dated 02/06/2025 for Rs.4,00,000/- drawn on IDFC First Bank, Bengaluru. The same is handed over to the DHR herein in the Open Court. Both the counsel also files memo. In view of the memo filed, Execution Petition is closed as fully satisfied. III-Addl.City Civil & SJ, Bengaluru","None","PKABC010001202024_1_1","Precept [Sec. 46]","03/01/2024","3","1030135","28/09/2026 16:30"
"EX/12/2024","EX - Execution Petition Under Order","KABC010000482024","SBI CARDS AND PAYMENT SERVICES LTD vs MARY BERNADETTE S","5/2024","02/01/2024","12/2024","03/01/2024","","","","03/01/2024","28/02/2024","Case disposedSub Stage","Uncontested--SETTLED OUTSIDE THE COURT","57","1","PRL. CITY CIVIL AND SESSIONS JUDGE","16-CCH3 XV ADDL. CITY CIVIL AND SESSIONS JUDGE","City Civil Court Complex, Bangalore","Karnataka","BENGALURU","SBI CARDS AND PAYMENT SERVICES LTD","Srivatsa M S","MARY BERNADETTE S","U/S. 34 RULE OF ARBITRATION AND CONCILIATION ACT.","1","28/02/2024","28/02/2024","CCH3 XV ADDL. CITY CIVIL AND SESSIONS JUDGE","Disposed","Case called out. DHr counsel filed memo stating that Jdr has paid entire amount. EP is closed as fully satisfied.","","","1","Orders","file:///C:/Users/misha/OneDrive/Desktop/daksh/pilot_output/orders/EX_12_2024_order_1.pdf","[Order Dated: 28/02/2024] EX 12/2024 Case called out. DHr counsel filed memo stating that Jdr has paid entire amount. EP is closed as fully satisfied. XV Addl. C.C & S.J., (CCH-3) Bengaluru.","Execution Petition taken up for hearing on execution warrant / steps.","EX 12/2024 Case called out. DHr counsel filed memo stating that Jdr has paid entire amount. EP is closed as fully satisfied. XV Addl. C.C & S.J., (CCH-3) Bengaluru.","None","","","","3","1030135","28/09/2026 16:30"
"EX/12/2024","EX - Execution Petition Under Order","KABC010000482024","SBI CARDS AND PAYMENT SERVICES LTD vs MARY BERNADETTE S","5/2024","02/01/2024","12/2024","03/01/2024","","","","03/01/2024","28/02/2024","Case disposedSub Stage","Uncontested--SETTLED OUTSIDE THE COURT","57","1","PRL. CITY CIVIL AND SESSIONS JUDGE","16-CCH3 XV ADDL. CITY CIVIL AND SESSIONS JUDGE","City Civil Court Complex, Bangalore","Karnataka","BENGALURU","SBI CARDS AND PAYMENT SERVICES LTD","Srivatsa M S","MARY BERNADETTE S","U/S. 34 RULE OF ARBITRATION AND CONCILIATION ACT.","2","03/01/2024","28/02/2024","CCH3 XV ADDL. CITY CIVIL AND SESSIONS JUDGE","NOTICE","Case called out. Dhr counsel present prays time for compliance. Call on 28-02-2024","NOTICE","28/02/2024","1","Orders","file:///C:/Users/misha/OneDrive/Desktop/daksh/pilot_output/orders/EX_12_2024_order_1.pdf","[Order Dated: 28/02/2024] EX 12/2024 Case called out. DHr counsel filed memo stating that Jdr has paid entire amount. EP is closed as fully satisfied. XV Addl. C.C & S.J., (CCH-3) Bengaluru.","Execution Petition taken up for hearing on execution warrant / steps.","EX 12/2024 Case called out. DHr counsel filed memo stating that Jdr has paid entire amount. EP is closed as fully satisfied. XV Addl. C.C & S.J., (CCH-3) Bengaluru.","None","","","","3","1030135","28/09/2026 16:30"
"EX/14/2024","EX - Execution Petition Under Order","KABC010000512024","SBI CARDS AND PAYMENT SERVICES LTD vs IMRAN SHARIFF","7/2024","02/01/2024","14/2024","03/01/2024","","","","03/01/2024","17/12/2024","Case disposedSub Stage","Uncontested--DISMISSED","350","1","PRL. CITY CIVIL AND SESSIONS JUDGE","16-CCH3 XV ADDL. CITY CIVIL AND SESSIONS JUDGE","City Civil Court Complex, Bangalore","Karnataka","BENGALURU","SBI CARDS AND PAYMENT SERVICES LTD","Srivatsa M S","IMRAN SHARIFF","U/S. 34 RULE OF ARBITRATION AND CONCILIATION ACT.","1","17/12/2024","17/12/2024","CCH3 XV ADDL. CITY CIVIL AND SESSIONS JUDGE","Disposed","Case called out. Dhr counsel present filed memo stating that EP is fully satisfied. In view of memo, EP is dismissed as fully satisfied.","","","1","Orders","file:///C:/Users/misha/OneDrive/Desktop/daksh/pilot_output/orders/EX_14_2024_order_1.pdf","[Order Dated: 17/12/2024] EX 14, 15/2024 Case called out. Dhr counsel present filed memo stating that EP is fully satisfied. In view of memo, EP is dismissed as fully satisfied. XV Addl. C.C & S.J., (CCH-3) Bengaluru.","Execution Petition taken up for hearing on execution warrant / steps.","EX 14, 15/2024 Case called out. Dhr counsel present filed memo stating that EP is fully satisfied. In view of memo, EP is dismissed as fully satisfied. XV Addl. C.C & S.J., (CCH-3) Bengaluru.","None","PKABC010000512024_1_1","Precept [Sec. 46]","28/02/2024","3","1030135","28/09/2026 16:31"
"EX/14/2024","EX - Execution Petition Under Order","KABC010000512024","SBI CARDS AND PAYMENT SERVICES LTD vs IMRAN SHARIFF","7/2024","02/01/2024","14/2024","03/01/2024","","","","03/01/2024","17/12/2024","Case disposedSub Stage","Uncontested--DISMISSED","350","1","PRL. CITY CIVIL AND SESSIONS JUDGE","16-CCH3 XV ADDL. CITY CIVIL AND SESSIONS JUDGE","City Civil Court Complex, Bangalore","Karnataka","BENGALURU","SBI CARDS AND PAYMENT SERVICES LTD","Srivatsa M S","IMRAN SHARIFF","U/S. 34 RULE OF ARBITRATION AND CONCILIATION ACT.","2","27/09/2024","17/12/2024","CCH3 XV ADDL. CITY CIVIL AND SESSIONS JUDGE","NOTICE","Case called out. Notice to Jdr served. Called out, absent. Dhr counsel present paid PF. Issue A/W/M of Jdr if list of movable furnished. Call on 17-12-2024","NOTICE","17/12/2024","1","Orders","file:///C:/Users/misha/OneDrive/Desktop/daksh/pilot_output/orders/EX_14_2024_order_1.pdf","[Order Dated: 17/12/2024] EX 14, 15/2024 Case called out. Dhr counsel present filed memo stating that EP is fully satisfied. In view of memo, EP is dismissed as fully satisfied. XV Addl. C.C & S.J., (CCH-3) Bengaluru.","Execution Petition taken up for hearing on execution warrant / steps.","EX 14, 15/2024 Case called out. Dhr counsel present filed memo stating that EP is fully satisfied. In view of memo, EP is dismissed as fully satisfied. XV Addl. C.C & S.J., (CCH-3) Bengaluru.","None","PKABC010000512024_1_1","Precept [Sec. 46]","28/02/2024","3","1030135","28/09/2026 16:31"
"EX/14/2024","EX - Execution Petition Under Order","KABC010000512024","SBI CARDS AND PAYMENT SERVICES LTD vs IMRAN SHARIFF","7/2024","02/01/2024","14/2024","03/01/2024","","","","03/01/2024","17/12/2024","Case disposedSub Stage","Uncontested--DISMISSED","350","1","PRL. CITY CIVIL AND SESSIONS JUDGE","16-CCH3 XV ADDL. CITY CIVIL AND SESSIONS JUDGE","City Civil Court Complex, Bangalore","Karnataka","BENGALURU","SBI CARDS AND PAYMENT SERVICES LTD","Srivatsa M S","IMRAN SHARIFF","U/S. 34 RULE OF ARBITRATION AND CONCILIATION ACT.","3","31/07/2024","27/09/2024","CCH3 XV ADDL. CITY CIVIL AND SESSIONS JUDGE","NOTICE","Case called out. Dhr counsel present furnished PF and RPAD charges. Issue notice to Jdr. Call on 27-09-2024","NOTICE","27/09/2024","1","Orders","file:///C:/Users/misha/OneDrive/Desktop/daksh/pilot_output/orders/EX_14_2024_order_1.pdf","[Order Dated: 17/12/2024] EX 14, 15/2024 Case called out. Dhr counsel present filed memo stating that EP is fully satisfied. In view of memo, EP is dismissed as fully satisfied. XV Addl. C.C & S.J., (CCH-3) Bengaluru.","Execution Petition taken up for hearing on execution warrant / steps.","EX 14, 15/2024 Case called out. Dhr counsel present filed memo stating that EP is fully satisfied. In view of memo, EP is dismissed as fully satisfied. XV Addl. C.C & S.J., (CCH-3) Bengaluru.","None","PKABC010000512024_1_1","Precept [Sec. 46]","28/02/2024","3","1030135","28/09/2026 16:31"
"EX/14/2024","EX - Execution Petition Under Order","KABC010000512024","SBI CARDS AND PAYMENT SERVICES LTD vs IMRAN SHARIFF","7/2024","02/01/2024","14/2024","03/01/2024","","","","03/01/2024","17/12/2024","Case disposedSub Stage","Uncontested--DISMISSED","350","1","PRL. CITY CIVIL AND SESSIONS JUDGE","16-CCH3 XV ADDL. CITY CIVIL AND SESSIONS JUDGE","City Civil Court Complex, Bangalore","Karnataka","BENGALURU","SBI CARDS AND PAYMENT SERVICES LTD","Srivatsa M S","IMRAN SHARIFF","U/S. 34 RULE OF ARBITRATION AND CONCILIATION ACT.","4","24/04/2024","31/07/2024","CCH3 XV ADDL. CITY CIVIL AND SESSIONS JUDGE","NOTICE","Case called out. Dhr counsel present. Notice to Jdr returned unserved as no such person. For steps. Call on 31-07-2024","NOTICE","31/07/2024","1","Orders","file:///C:/Users/misha/OneDrive/Desktop/daksh/pilot_output/orders/EX_14_2024_order_1.pdf","[Order Dated: 17/12/2024] EX 14, 15/2024 Case called out. Dhr counsel present filed memo stating that EP is fully satisfied. In view of memo, EP is dismissed as fully satisfied. XV Addl. C.C & S.J., (CCH-3) Bengaluru.","Execution Petition taken up for hearing on execution warrant / steps.","EX 14, 15/2024 Case called out. Dhr counsel present filed memo stating that EP is fully satisfied. In view of memo, EP is dismissed as fully satisfied. XV Addl. C.C & S.J., (CCH-3) Bengaluru.","None","PKABC010000512024_1_1","Precept [Sec. 46]","28/02/2024","3","1030135","28/09/2026 16:31"
"EX/14/2024","EX - Execution Petition Under Order","KABC010000512024","SBI CARDS AND PAYMENT SERVICES LTD vs IMRAN SHARIFF","7/2024","02/01/2024","14/2024","03/01/2024","","","","03/01/2024","17/12/2024","Case disposedSub Stage","Uncontested--DISMISSED","350","1","PRL. CITY CIVIL AND SESSIONS JUDGE","16-CCH3 XV ADDL. CITY CIVIL AND SESSIONS JUDGE","City Civil Court Complex, Bangalore","Karnataka","BENGALURU","SBI CARDS AND PAYMENT SERVICES LTD","Srivatsa M S","IMRAN SHARIFF","U/S. 34 RULE OF ARBITRATION AND CONCILIATION ACT.","5","28/02/2024","24/04/2024","CCH3 XV ADDL. CITY CIVIL AND SESSIONS JUDGE","NOTICE","Case called out. DHr counsel present. Paid Rs. 655/- through DD No.509153. Office is directed to receive the DD. Issue notice to Jdr Call on 24-04-2024","NOTICE","24/04/2024","1","Orders","file:///C:/Users/misha/OneDrive/Desktop/daksh/pilot_output/orders/EX_14_2024_order_1.pdf","[Order Dated: 17/12/2024] EX 14, 15/2024 Case called out. Dhr counsel present filed memo stating that EP is fully satisfied. In view of memo, EP is dismissed as fully satisfied. XV Addl. C.C & S.J., (CCH-3) Bengaluru.","Execution Petition taken up for hearing on execution warrant / steps.","EX 14, 15/2024 Case called out. Dhr counsel present filed memo stating that EP is fully satisfied. In view of memo, EP is dismissed as fully satisfied. XV Addl. C.C & S.J., (CCH-3) Bengaluru.","None","PKABC010000512024_1_1","Precept [Sec. 46]","28/02/2024","3","1030135","28/09/2026 16:31"
"EX/14/2024","EX - Execution Petition Under Order","KABC010000512024","SBI CARDS AND PAYMENT SERVICES LTD vs IMRAN SHARIFF","7/2024","02/01/2024","14/2024","03/01/2024","","","","03/01/2024","17/12/2024","Case disposedSub Stage","Uncontested--DISMISSED","350","1","PRL. CITY CIVIL AND SESSIONS JUDGE","16-CCH3 XV ADDL. CITY CIVIL AND SESSIONS JUDGE","City Civil Court Complex, Bangalore","Karnataka","BENGALURU","SBI CARDS AND PAYMENT SERVICES LTD","Srivatsa M S","IMRAN SHARIFF","U/S. 34 RULE OF ARBITRATION AND CONCILIATION ACT.","6","03/01/2024","28/02/2024","CCH3 XV ADDL. CITY CIVIL AND SESSIONS JUDGE","NOTICE","Case called out. Dhr counsel present prays time for compliance. Call on 28-02-2024","NOTICE","28/02/2024","1","Orders","file:///C:/Users/misha/OneDrive/Desktop/daksh/pilot_output/orders/EX_14_2024_order_1.pdf","[Order Dated: 17/12/2024] EX 14, 15/2024 Case called out. Dhr counsel present filed memo stating that EP is fully satisfied. In view of memo, EP is dismissed as fully satisfied. XV Addl. C.C & S.J., (CCH-3) Bengaluru.","Execution Petition taken up for hearing on execution warrant / steps.","EX 14, 15/2024 Case called out. Dhr counsel present filed memo stating that EP is fully satisfied. In view of memo, EP is dismissed as fully satisfied. XV Addl. C.C & S.J., (CCH-3) Bengaluru.","None","PKABC010000512024_1_1","Precept [Sec. 46]","28/02/2024","3","1030135","28/09/2026 16:31"
"EX/15/2024","EX - Execution Petition Under Order","KABC010000522024","SBI CARDS AND PAYMENT SERVICES LTD vs MALTESH KALBURGI","8/2024","02/01/2024","15/2024","03/01/2024","","","","03/01/2024","17/12/2024","Case disposedSub Stage","Uncontested--DISMISSED","350","1","PRL. CITY CIVIL AND SESSIONS JUDGE","16-CCH3 XV ADDL. CITY CIVIL AND SESSIONS JUDGE","City Civil Court Complex, Bangalore","Karnataka","BENGALURU","SBI CARDS AND PAYMENT SERVICES LTD","Srivatsa M S","MALTESH KALBURGI","U/S. 34 RULE OF ARBITRATION AND CONCILIATION ACT.","1","17/12/2024","17/12/2024","CCH3 XV ADDL. CITY CIVIL AND SESSIONS JUDGE","Disposed","Case called out. Dhr counsel present filed memo stating that EP is fully satisfied. In view of memo, EP is dismissed as fully satisfied.","","","1","Orders","file:///C:/Users/misha/OneDrive/Desktop/daksh/pilot_output/orders/EX_15_2024_order_1.pdf","[Order Dated: 17/12/2024] EX 14, 15/2024 Case called out. Dhr counsel present filed memo stating that EP is fully satisfied. In view of memo, EP is dismissed as fully satisfied. XV Addl. C.C & S.J., (CCH-3) Bengaluru.","Execution Petition taken up for hearing on execution warrant / steps.","EX 14, 15/2024 Case called out. Dhr counsel present filed memo stating that EP is fully satisfied. In view of memo, EP is dismissed as fully satisfied. XV Addl. C.C & S.J., (CCH-3) Bengaluru.","None","PKABC010000522024_1_1","Precept [Sec. 46]","28/02/2024","3","1030135","28/09/2026 16:31"
"EX/15/2024","EX - Execution Petition Under Order","KABC010000522024","SBI CARDS AND PAYMENT SERVICES LTD vs MALTESH KALBURGI","8/2024","02/01/2024","15/2024","03/01/2024","","","","03/01/2024","17/12/2024","Case disposedSub Stage","Uncontested--DISMISSED","350","1","PRL. CITY CIVIL AND SESSIONS JUDGE","16-CCH3 XV ADDL. CITY CIVIL AND SESSIONS JUDGE","City Civil Court Complex, Bangalore","Karnataka","BENGALURU","SBI CARDS AND PAYMENT SERVICES LTD","Srivatsa M S","MALTESH KALBURGI","U/S. 34 RULE OF ARBITRATION AND CONCILIATION ACT.","2","27/09/2024","17/12/2024","CCH3 XV ADDL. CITY CIVIL AND SESSIONS JUDGE","NOTICE","Case called out. Dhr counsel present Notice issued to Jdr through RPAD unclaimed. Service is sufficient. Called out, absent. Issue A/W/M of Jdr. PF paid. List of movable furnished. Call on 17-12-2024","NOTICE","17/12/2024","1","Orders","file:///C:/Users/misha/OneDrive/Desktop/daksh/pilot_output/orders/EX_15_2024_order_1.pdf","[Order Dated: 17/12/2024] EX 14, 15/2024 Case called out. Dhr counsel present filed memo stating that EP is fully satisfied. In view of memo, EP is dismissed as fully satisfied. XV Addl. C.C & S.J., (CCH-3) Bengaluru.","Execution Petition taken up for hearing on execution warrant / steps.","EX 14, 15/2024 Case called out. Dhr counsel present filed memo stating that EP is fully satisfied. In view of memo, EP is dismissed as fully satisfied. XV Addl. C.C & S.J., (CCH-3) Bengaluru.","None","PKABC010000522024_1_1","Precept [Sec. 46]","28/02/2024","3","1030135","28/09/2026 16:31"
"EX/15/2024","EX - Execution Petition Under Order","KABC010000522024","SBI CARDS AND PAYMENT SERVICES LTD vs MALTESH KALBURGI","8/2024","02/01/2024","15/2024","03/01/2024","","","","03/01/2024","17/12/2024","Case disposedSub Stage","Uncontested--DISMISSED","350","1","PRL. CITY CIVIL AND SESSIONS JUDGE","16-CCH3 XV ADDL. CITY CIVIL AND SESSIONS JUDGE","City Civil Court Complex, Bangalore","Karnataka","BENGALURU","SBI CARDS AND PAYMENT SERVICES LTD","Srivatsa M S","MALTESH KALBURGI","U/S. 34 RULE OF ARBITRATION AND CONCILIATION ACT.","3","31/07/2024","27/09/2024","CCH3 XV ADDL. CITY CIVIL AND SESSIONS JUDGE","NOTICE","Case called out. Dhr counsel present furnished PF and RPAD charges. Issue notice to Jdr. Call on 27-09-2024","NOTICE","27/09/2024","1","Orders","file:///C:/Users/misha/OneDrive/Desktop/daksh/pilot_output/orders/EX_15_2024_order_1.pdf","[Order Dated: 17/12/2024] EX 14, 15/2024 Case called out. Dhr counsel present filed memo stating that EP is fully satisfied. In view of memo, EP is dismissed as fully satisfied. XV Addl. C.C & S.J., (CCH-3) Bengaluru.","Execution Petition taken up for hearing on execution warrant / steps.","EX 14, 15/2024 Case called out. Dhr counsel present filed memo stating that EP is fully satisfied. In view of memo, EP is dismissed as fully satisfied. XV Addl. C.C & S.J., (CCH-3) Bengaluru.","None","PKABC010000522024_1_1","Precept [Sec. 46]","28/02/2024","3","1030135","28/09/2026 16:31"
"EX/15/2024","EX - Execution Petition Under Order","KABC010000522024","SBI CARDS AND PAYMENT SERVICES LTD vs MALTESH KALBURGI","8/2024","02/01/2024","15/2024","03/01/2024","","","","03/01/2024","17/12/2024","Case disposedSub Stage","Uncontested--DISMISSED","350","1","PRL. CITY CIVIL AND SESSIONS JUDGE","16-CCH3 XV ADDL. CITY CIVIL AND SESSIONS JUDGE","City Civil Court Complex, Bangalore","Karnataka","BENGALURU","SBI CARDS AND PAYMENT SERVICES LTD","Srivatsa M S","MALTESH KALBURGI","U/S. 34 RULE OF ARBITRATION AND CONCILIATION ACT.","4","24/04/2024","31/07/2024","CCH3 XV ADDL. CITY CIVIL AND SESSIONS JUDGE","NOTICE","Case called out. Dhr counsel present. Notice to Jdr returned unserved as no such person. For steps. Call on 31-07-2024","NOTICE","31/07/2024","1","Orders","file:///C:/Users/misha/OneDrive/Desktop/daksh/pilot_output/orders/EX_15_2024_order_1.pdf","[Order Dated: 17/12/2024] EX 14, 15/2024 Case called out. Dhr counsel present filed memo stating that EP is fully satisfied. In view of memo, EP is dismissed as fully satisfied. XV Addl. C.C & S.J., (CCH-3) Bengaluru.","Execution Petition taken up for hearing on execution warrant / steps.","EX 14, 15/2024 Case called out. Dhr counsel present filed memo stating that EP is fully satisfied. In view of memo, EP is dismissed as fully satisfied. XV Addl. C.C & S.J., (CCH-3) Bengaluru.","None","PKABC010000522024_1_1","Precept [Sec. 46]","28/02/2024","3","1030135","28/09/2026 16:31"
"EX/15/2024","EX - Execution Petition Under Order","KABC010000522024","SBI CARDS AND PAYMENT SERVICES LTD vs MALTESH KALBURGI","8/2024","02/01/2024","15/2024","03/01/2024","","","","03/01/2024","17/12/2024","Case disposedSub Stage","Uncontested--DISMISSED","350","1","PRL. CITY CIVIL AND SESSIONS JUDGE","16-CCH3 XV ADDL. CITY CIVIL AND SESSIONS JUDGE","City Civil Court Complex, Bangalore","Karnataka","BENGALURU","SBI CARDS AND PAYMENT SERVICES LTD","Srivatsa M S","MALTESH KALBURGI","U/S. 34 RULE OF ARBITRATION AND CONCILIATION ACT.","5","28/02/2024","24/04/2024","CCH3 XV ADDL. CITY CIVIL AND SESSIONS JUDGE","NOTICE","Case called out. DHr counsel present. Paid Rs.626/- through DD No.509150. Office is directed to receive the DD. Issue notice to Jdr Call on 24-04-2024","NOTICE","24/04/2024","1","Orders","file:///C:/Users/misha/OneDrive/Desktop/daksh/pilot_output/orders/EX_15_2024_order_1.pdf","[Order Dated: 17/12/2024] EX 14, 15/2024 Case called out. Dhr counsel present filed memo stating that EP is fully satisfied. In view of memo, EP is dismissed as fully satisfied. XV Addl. C.C & S.J., (CCH-3) Bengaluru.","Execution Petition taken up for hearing on execution warrant / steps.","EX 14, 15/2024 Case called out. Dhr counsel present filed memo stating that EP is fully satisfied. In view of memo, EP is dismissed as fully satisfied. XV Addl. C.C & S.J., (CCH-3) Bengaluru.","None","PKABC010000522024_1_1","Precept [Sec. 46]","28/02/2024","3","1030135","28/09/2026 16:31"
"EX/15/2024","EX - Execution Petition Under Order","KABC010000522024","SBI CARDS AND PAYMENT SERVICES LTD vs MALTESH KALBURGI","8/2024","02/01/2024","15/2024","03/01/2024","","","","03/01/2024","17/12/2024","Case disposedSub Stage","Uncontested--DISMISSED","350","1","PRL. CITY CIVIL AND SESSIONS JUDGE","16-CCH3 XV ADDL. CITY CIVIL AND SESSIONS JUDGE","City Civil Court Complex, Bangalore","Karnataka","BENGALURU","SBI CARDS AND PAYMENT SERVICES LTD","Srivatsa M S","MALTESH KALBURGI","U/S. 34 RULE OF ARBITRATION AND CONCILIATION ACT.","6","03/01/2024","28/02/2024","CCH3 XV ADDL. CITY CIVIL AND SESSIONS JUDGE","NOTICE","Case called out. Dhr counsel present prays time for compliance. Call on 28-02-2024","NOTICE","28/02/2024","1","Orders","file:///C:/Users/misha/OneDrive/Desktop/daksh/pilot_output/orders/EX_15_2024_order_1.pdf","[Order Dated: 17/12/2024] EX 14, 15/2024 Case called out. Dhr counsel present filed memo stating that EP is fully satisfied. In view of memo, EP is dismissed as fully satisfied. XV Addl. C.C & S.J., (CCH-3) Bengaluru.","Execution Petition taken up for hearing on execution warrant / steps.","EX 14, 15/2024 Case called out. Dhr counsel present filed memo stating that EP is fully satisfied. In view of memo, EP is dismissed as fully satisfied. XV Addl. C.C & S.J., (CCH-3) Bengaluru.","None","PKABC010000522024_1_1","Precept [Sec. 46]","28/02/2024","3","1030135","28/09/2026 16:31"
